source,file,color,label,cpl_mean,cpl_median,cpl_variance,cpl_max,cpl_p90,zero_cpl_rate,top1_rate,top3_rate,top5_rate,max_consecutive_top1,cpl_opening,cpl_middlegame,cpl_endgame,varianza_eval,curtosis_eval,asimetria_eval,inversiones_ventaja,entropia_eval
legal,partida_1.pgn,white,0,106.46153846153847,0.0,39913.78698224853,610.0,440.00000000000034,0.5384615384615384,0.5384615384615384,0.5384615384615384,0.5384615384615384,4.0,8.25,185.25,122.0,7316800.52071006,7.933969418709399,3.1361456912704737,2.0,0.27118937304184415
legal,partida_1.pgn,black,0,944.9166666666666,53.0,7910140.743055556,10262.0,462.4000000000001,0.3333333333333333,0.3333333333333333,0.5833333333333334,0.6666666666666666,1.0,49.25,137.25,2648.25,7676486.520833333,7.01893228184888,-2.9949465401348494,2.0,0.2868359830561607
legal,partida_10.pgn,white,0,54.31111111111111,30.0,9403.280987654318,484.0,97.80000000000003,0.2222222222222222,0.2,0.5777777777777777,0.7777777777777778,2.0,26.266666666666666,94.6,42.06666666666667,92735.84691358026,-1.092596598643287,-0.21841040101832146,3.0,2.532364447895943
legal,partida_10.pgn,black,0,35.577777777777776,14.0,3051.0883950617294,226.0,117.0,0.37777777777777777,0.37777777777777777,0.6444444444444445,0.7333333333333333,4.0,28.4,63.0,15.333333333333334,107748.94320987654,-1.1143445023747152,0.15570386777212278,7.0,2.6191691488769204
legal,partida_100.pgn,white,0,46.285714285714285,0.0,6029.489795918368,246.0,165.70000000000005,0.6071428571428571,0.6071428571428571,0.6785714285714286,0.75,5.0,12.555555555555555,28.0,93.1,14269.454081632652,4.491822717435783,1.98143372846676,0.0,2.1560878461292545
legal,partida_100.pgn,black,0,57.96296296296296,16.0,10320.109739369,469.0,154.8000000000001,0.25925925925925924,0.2222222222222222,0.6296296296296297,0.7407407407407407,2.0,32.55555555555556,25.555555555555557,115.77777777777777,19521.294924554186,1.6329440299609885,-1.3967627275114662,0.0,2.3842257390944313
legal,partida_101.pgn,white,0,50.0,21.0,4322.666666666667,254.0,148.0,0.3611111111111111,0.3055555555555556,0.4722222222222222,0.5555555555555556,2.0,24.75,87.75,37.5,13499.860339506173,-0.6879871775162005,0.05983882819608078,0.0,2.692735039124687
legal,partida_101.pgn,black,0,65.45714285714286,45.0,4137.619591836735,220.0,139.8,0.22857142857142856,0.22857142857142856,0.4,0.5142857142857142,1.0,42.72727272727273,106.9090909090909,49.61538461538461,14194.729795918363,-0.7628765472280947,0.3122472254147124,0.0,2.941030529182652
legal,partida_102.pgn,white,0,330.24242424242425,11.0,2147157.5169880628,8579.0,302.20000000000016,0.21212121212121213,0.21212121212121213,0.45454545454545453,0.6060606060606061,2.0,134.45454545454547,75.0909090909091,781.1818181818181,17703219.583103765,-0.9755438201795026,0.9856621922908472,5.0,1.6877476827203945
legal,partida_102.pgn,black,0,115.34375,22.0,47227.6005859375,1109.0,248.10000000000008,0.21875,0.1875,0.375,0.4375,1.0,224.8,120.4,19.916666666666668,18723946.264648438,-1.3485105828004373,-0.789654834430487,0.0,1.566086194679753
legal,partida_103.pgn,white,0,45.2,10.0,5970.0,323.0,129.8000000000001,0.4,0.4,0.72,0.8,2.0,13.0,45.0,74.0,92974.48959999999,0.4711849695113832,1.3702086445398336,4.0,1.926040148262323
legal,partida_103.pgn,black,0,78.83333333333333,23.5,23372.80555555555,682.0,122.19999999999999,0.375,0.375,0.5416666666666666,0.6666666666666666,3.0,29.25,34.125,173.125,90386.55555555556,-0.01128796359820372,-1.1266425503158666,4.0,2.1985170952896045
legal,partida_104.pgn,white,0,345.21666666666664,15.0,2490574.4030555547,8971.0,173.90000000000003,0.31666666666666665,0.3,0.5833333333333334,0.7833333333333333,4.0,59.3,42.75,933.6,7048787.732222221,6.792226558771203,-2.932869612430411,3.0,1.4557420299527573
legal,partida_104.pgn,black,0,31.6,2.5,3217.506666666666,271.0,84.30000000000004,0.45,0.4,0.6333333333333333,0.7,7.0,51.25,12.4,31.15,5788165.1875,9.60350342921682,3.364393833772812,7.0,1.422783185368746
legal,partida_105.pgn,white,0,273.1463414634146,8.0,1996300.5151695416,9194.0,186.0,0.43902439024390244,0.34146341463414637,0.6585365853658537,0.7560975609756098,3.0,16.23076923076923,802.9230769230769,36.666666666666664,9905480.655562166,3.1724501789134703,2.2467603047369638,2.0,1.348692752091537
legal,partida_105.pgn,black,0,518.05,44.5,3771402.897500001,9147.0,217.0,0.25,0.225,0.55,0.7,1.0,45.38461538461539,824.3846153846154,672.5,9978864.110000001,2.975060372039966,-2.2014428010995077,2.0,1.4891412599016371
legal,partida_106.pgn,white,0,1399.8823529411766,74.0,10065582.86851211,9219.0,8930.3,0.20588235294117646,0.20588235294117646,0.2647058823529412,0.4117647058823529,2.0,132.0,58.09090909090909,3792.0833333333335,16924191.616782006,-0.8713119847983322,-1.0500382748781754,1.0,1.4539607190160742
legal,partida_106.pgn,black,0,1628.1764705882354,80.0,11504203.851211073,9131.0,8848.2,0.20588235294117646,0.20588235294117646,0.35294117647058826,0.38235294117647056,2.0,41.63636363636363,907.9090909090909,3742.75,9065203.307958476,3.496613066275229,2.320271520862838,1.0,1.5687933535502967
legal,partida_107.pgn,white,0,45.05714285714286,13.0,5409.139591836734,392.0,107.6,0.34285714285714286,0.34285714285714286,0.6,0.6571428571428571,4.0,53.90909090909091,24.90909090909091,54.61538461538461,6780.693877551021,3.435582223817293,-1.3610351153125282,6.0,2.5922855964532183
legal,partida_107.pgn,black,0,41.205882352941174,16.5,4031.5164359861596,245.0,145.89999999999995,0.38235294117647056,0.38235294117647056,0.6764705882352942,0.7941176470588235,4.0,48.09090909090909,43.09090909090909,33.166666666666664,5345.051903114188,-0.2381827389081299,-0.45565373832583395,6.0,3.006300859293579
legal,partida_108.pgn,white,0,79.8125,42.5,10830.27734375,430.0,250.20000000000022,0.25,0.25,0.46875,0.59375,4.0,75.9,101.1,65.33333333333333,7825465.40234375,5.6168251772553255,-2.740371521237132,3.0,1.3056559052400012
legal,partida_108.pgn,black,0,339.5625,23.5,2535445.24609375,9197.0,176.10000000000002,0.21875,0.125,0.5625,0.65625,1.0,45.9,79.0,801.4166666666666,10192415.741210938,3.0672701704936065,2.237668401707104,1.0,1.33034280983953
legal,partida_109.pgn,white,0,935.4,13.0,6998711.154285716,9030.0,1374.2000000000114,0.2857142857142857,0.15714285714285714,0.38571428571428573,0.4857142857142857,3.0,103.47826086956522,1589.304347826087,1106.0,19249321.506938774,-1.3634729088710689,0.7757166312435446,5.0,1.6932694067632614
legal,partida_109.pgn,black,0,456.768115942029,5.0,3296402.72883848,9028.0,283.2000000000002,0.391304347826087,0.391304347826087,0.6231884057971014,0.6956521739130435,4.0,151.43478260869566,1214.7391304347825,4.130434782608695,20781596.216761183,-1.736248115034926,-0.49407152102348206,0.0,1.4920603790394924
legal,partida_11.pgn,white,0,560.2702702702703,13.0,4559819.602629657,9601.0,227.19999999999982,0.40540540540540543,0.40540540540540543,0.6486486486486487,0.7567567567567568,6.0,73.0,13.916666666666666,1514.3846153846155,9415069.535427319,4.320935752752664,-2.5069468910383677,3.0,1.1056559610977965
legal,partida_11.pgn,black,0,283.7567567567568,0.0,2318186.07596786,9414.0,121.19999999999996,0.5135135135135135,0.4864864864864865,0.8108108108108109,0.8648648648648649,3.0,44.333333333333336,42.5,727.4615384615385,7313407.643535427,7.307670105196577,3.0390496138714487,4.0,1.0824720787485218
legal,partida_110.pgn,white,0,32.72093023255814,12.0,3744.5732828555974,375.0,80.00000000000009,0.32558139534883723,0.32558139534883723,0.627906976744186,0.6511627906976745,3.0,16.928571428571427,28.714285714285715,51.2,26053.68631692807,1.3727135490489184,1.1733144339478854,5.0,2.52169412959777
legal,partida_110.pgn,black,0,33.38095238095238,6.5,4669.61678004535,322.0,71.89999999999998,0.38095238095238093,0.38095238095238093,0.6666666666666666,0.7380952380952381,3.0,19.5,24.357142857142858,56.285714285714285,25989.72789115646,0.8797063944749417,-1.0926499328990353,6.0,2.271993402302405
legal,partida_111.pgn,white,0,43.36666666666667,15.0,3531.9655555555555,215.0,129.10000000000005,0.36666666666666664,0.36666666666666664,0.6666666666666666,0.7333333333333333,2.0,42.6,52.7,34.8,28247.666666666668,-1.036864320151688,0.6321349183428813,1.0,2.5261151707653946
legal,partida_111.pgn,black,0,25.433333333333334,0.5,1934.1122222222218,192.0,78.10000000000002,0.5,0.5,0.8333333333333334,0.9,4.0,3.1,44.4,28.8,28024.338888888895,-0.998499264238176,-0.5113995127965435,1.0,2.607208192387027
legal,partida_112.pgn,white,0,825.4242424242424,1.0,6587490.607897155,9061.0,90.20000000000003,0.45454545454545453,0.3939393939393939,0.7575757575757576,0.8484848484848485,3.0,16.636363636363637,20.727272727272727,2438.909090909091,11257295.349862257,1.6981550776364536,1.9029135006313267,0.0,1.5925540211274338
legal,partida_112.pgn,black,0,337.5625,2.0,2428734.18359375,8989.0,185.10000000000014,0.46875,0.4375,0.625,0.65625,3.0,83.2,58.7,781.9166666666666,16425842.4375,-0.6769602106091352,-1.1399310453832392,0.0,1.4614721293040243
legal,partida_113.pgn,white,0,425.8666666666667,36.5,3483924.248888889,10450.0,324.40000000000026,0.4,0.36666666666666664,0.5333333333333333,0.7666666666666667,3.0,30.5,181.5,1065.6,8966188.360000001,4.996573437858823,-2.630065696785832,5.0,1.1493692870187902
legal,partida_113.pgn,black,0,100.56666666666666,10.5,43672.378888888896,920.0,236.0000000000004,0.4666666666666667,0.4666666666666667,0.5666666666666667,0.7,3.0,31.7,134.6,135.4,9145187.582222221,4.9945174119197135,2.6295826958113118,7.0,1.1482431942860274
legal,partida_114.pgn,white,0,350.864406779661,30.0,2684810.8290721057,9168.0,126.40000000000005,0.3728813559322034,0.3559322033898305,0.6949152542372882,0.7627118644067796,3.0,47.73684210526316,64.26315789473684,884.4285714285714,3148274.81643206,22.801690716110734,-4.889258053093215,9.0,1.2479057737255004
legal,partida_114.pgn,black,0,351.2068965517241,36.5,2775935.957193817,9204.0,89.50000000000003,0.3103448275862069,0.29310344827586204,0.6206896551724138,0.7068965517241379,5.0,41.21052631578947,36.36842105263158,944.8,105828.13109393578,-1.2579208203229464,-0.04446036444614076,3.0,2.892076293347653
legal,partida_115.pgn,white,0,59.78260869565217,19.0,8152.952741020796,317.0,167.80000000000004,0.34782608695652173,0.34782608695652173,0.6521739130434783,0.8260869565217391,5.0,51.57142857142857,69.85714285714286,58.333333333333336,81014.60491493382,0.6098602830026669,0.9285216027698511,2.0,2.254917598203033
legal,partida_115.pgn,black,0,93.04545454545455,23.0,25113.77066115703,604.0,329.7000000000005,0.2727272727272727,0.2727272727272727,0.45454545454545453,0.5909090909090909,3.0,39.142857142857146,22.0,202.375,76502.68595041322,0.26447700863554546,-0.6424524087002104,6.0,2.4371246463145226
legal,partida_116.pgn,white,0,56.027027027027025,10.0,6590.620891161433,280.0,190.19999999999996,0.40540540540540543,0.40540540540540543,0.7027027027027027,0.7567567567567568,3.0,29.083333333333332,95.16666666666667,44.76923076923077,2608455.1862673485,31.248879238046626,5.729834115430145,8.0,0.7971620355329258
legal,partida_116.pgn,black,0,330.97222222222223,26.0,2544408.693672839,9754.0,156.5,0.2777777777777778,0.2777777777777778,0.75,0.8888888888888888,6.0,38.166666666666664,105.0,849.75,2642879.9783950616,30.405401481178984,-5.663217176688509,4.0,0.7812474438226238
legal,partida_117.pgn,white,0,352.6896551724138,17.0,2645468.696789537,8953.0,142.59999999999997,0.3103448275862069,0.3103448275862069,0.7931034482758621,0.896551724137931,2.0,12.222222222222221,66.66666666666667,865.2727272727273,3210411.07491082,21.850090936010822,4.76641401251756,4.0,0.9434632692411776
legal,partida_117.pgn,black,0,699.0357142857143,32.0,5200462.963010204,8967.0,353.80000000000035,0.32142857142857145,0.32142857142857145,0.6428571428571429,0.8571428571428571,3.0,24.77777777777778,124.77777777777777,1822.7,6225028.346938775,8.655869645156441,-3.2243651936603697,4.0,1.210298870756309
legal,partida_118.pgn,white,0,407.17857142857144,41.0,2695128.075255102,8872.0,255.60000000000014,0.32142857142857145,0.25,0.35714285714285715,0.39285714285714285,3.0,218.11111111111111,34.888888888888886,912.4,16075177.646683676,-0.6794972184336872,-1.135683915713367,0.0,1.3699301964782138
legal,partida_118.pgn,black,0,55.642857142857146,10.5,14330.586734693881,633.0,112.70000000000002,0.35714285714285715,0.25,0.39285714285714285,0.5357142857142857,3.0,112.88888888888889,50.0,9.2,16293729.309948979,-0.6851047695768444,1.1245873617253603,3.0,1.5883087858214282
legal,partida_119.pgn,white,0,59.11538461538461,0.5,29270.178994082842,881.0,123.0,0.5,0.5,0.7307692307692307,0.7692307692307693,4.0,19.75,14.875,126.0,3709998.213017752,20.735951715436737,4.748019553712645,6.0,0.6722962280908582
legal,partida_119.pgn,black,0,460.8,14.0,3808008.48,9991.0,133.8,0.36,0.36,0.6,0.68,3.0,19.875,40.125,1226.6666666666667,3785881.7824,19.980608836008177,-4.68470740497094,2.0,0.1679441477341735
legal,partida_12.pgn,white,0,36.5531914893617,20.0,2508.2897238569494,237.0,82.19999999999997,0.3617021276595745,0.3404255319148936,0.6595744680851063,0.723404255319149,4.0,49.333333333333336,32.06666666666667,29.235294117647058,38914.06247170665,-0.03613231960210861,0.6658344513530119,1.0,2.5997867211787615
legal,partida_12.pgn,black,0,25.847826086956523,11.0,1224.7377126654062,155.0,79.5,0.43478260869565216,0.41304347826086957,0.6304347826086957,0.8043478260869565,6.0,28.333333333333332,30.866666666666667,18.8125,39013.57514177694,-0.38851441212470217,-0.5059424619007882,1.0,2.752365821943719
legal,partida_120.pgn,white,0,42.42622950819672,7.0,6415.851115291588,414.0,96.0,0.39344262295081966,0.36065573770491804,0.5901639344262295,0.6721311475409836,6.0,19.05,65.0,43.19047619047619,7076397.667831227,7.110071138840908,2.998858522721819,4.0,1.1724004207283807
legal,partida_120.pgn,black,0,55.416666666666664,15.0,7698.543055555555,351.0,204.40000000000006,0.2833333333333333,0.26666666666666666,0.55,0.65,2.0,48.2,59.35,58.7,5810074.23888889,9.771711356934588,-3.403976254482538,4.0,1.214970092861485
legal,partida_121.pgn,white,0,268.4,56.0,212441.84,1189.0,741.0000000000001,0.2,0.2,0.2,0.4,1.0,69.0,0.0,424.3333333333333,101917.35999999999,-1.8158931687611635,0.39747535519803345,2.0,0.6730116670092565
legal,partida_121.pgn,black,0,162.25,83.5,35770.1875,482.0,372.20000000000005,0.25,0.25,0.25,0.25,1.0,51.0,482.0,58.0,227847.5,-1.5489110613572237,-0.326440568017877,1.0,1.0397207708399179
legal,partida_122.pgn,white,0,65.03846153846153,0.0,30516.72928994083,854.0,127.0,0.5769230769230769,0.5769230769230769,0.7692307692307693,0.8076923076923077,4.0,14.375,28.625,134.7,65596.98224852071,-0.11657527896458397,0.45583490722108516,2.0,2.397936543864097
legal,partida_122.pgn,black,0,85.88461538461539,0.0,60067.48668639054,1056.0,98.0,0.5769230769230769,0.5769230769230769,0.7692307692307693,0.8846153846153846,10.0,1.25,9.625,214.6,67520.16715976331,-0.7369977651003543,-0.7221917315044397,2.0,2.108554181617714
legal,partida_123.pgn,white,0,1262.9354838709678,72.0,9399798.318418315,9377.0,9148.0,0.03225806451612903,0.03225806451612903,0.16129032258064516,0.45161290322580644,1.0,65.4,99.5,3409.2727272727275,10298871.920915714,2.7817623411457397,-2.1648855283772233,2.0,1.2908550195159032
legal,partida_123.pgn,black,0,643.8064516129032,33.0,4982233.317377732,9170.0,214.0,0.25806451612903225,0.25806451612903225,0.3870967741935484,0.4838709677419355,2.0,52.1,36.2,1734.090909090909,2957625.7648283048,23.652685967913428,4.937455030160469,3.0,1.27578961254471
legal,partida_124.pgn,white,0,53.58974358974359,12.0,8540.19066403682,421.0,139.0,0.46153846153846156,0.46153846153846156,0.5641025641025641,0.717948717948718,3.0,31.692307692307693,38.07692307692308,91.0,79959.12557527941,0.5758095006631434,-1.2130581712376416,5.0,2.6570907814951235
legal,partida_124.pgn,black,0,299.4736842105263,14.5,2351368.880886426,9616.0,179.3000000000002,0.3684210526315789,0.3684210526315789,0.7631578947368421,0.9473684210526315,2.0,34.916666666666664,41.25,747.5714285714286,49081.706371191125,-0.41539022970641426,0.9481378966544982,5.0,2.8048704297804448
legal,partida_125.pgn,white,0,744.5526315789474,16.0,5475763.299861497,8797.0,423.3000000000013,0.3157894736842105,0.21052631578947367,0.3684210526315789,0.42105263157894735,2.0,69.08333333333333,102.5,1873.857142857143,14067407.510387814,0.5579513707205801,1.5687056655800278,9.0,1.5748574032413374
legal,partida_125.pgn,black,0,1025.5135135135135,50.0,7156353.3308984665,8794.0,4028.999999999989,0.1891891891891892,0.13513513513513514,0.32432432432432434,0.4594594594594595,2.0,84.75,164.41666666666666,2688.769230769231,17054558.46457268,-0.5950591726690209,-1.1655131952556201,4.0,1.6604929059226068
legal,partida_13.pgn,white,0,40.52,13.0,4979.0496,292.0,90.60000000000002,0.44,0.44,0.76,0.88,4.0,12.0,77.625,32.888888888888886,17087.6736,5.763910018288268,2.0950431483718943,2.0,2.226997804998561
legal,partida_13.pgn,black,0,65.79166666666667,28.5,11346.748263888889,477.0,186.59999999999994,0.25,0.25,0.6666666666666666,0.75,2.0,13.25,89.25,94.875,21322.901041666668,2.8258347747464354,-1.5168165364183739,2.0,2.1884515716307833
legal,partida_14.pgn,white,0,38.714285714285715,0.0,3462.089795918367,240.0,125.20000000000002,0.5142857142857142,0.5142857142857142,0.8,0.8571428571428571,7.0,36.63636363636363,59.09090909090909,23.23076923076923,9491950.133877553,3.746988338487922,2.376859255289533,6.0,1.3242636070244327
legal,partida_14.pgn,black,0,78.94117647058823,38.0,12785.173010380624,557.0,213.6,0.20588235294117646,0.17647058823529413,0.5882352941176471,0.7647058823529411,2.0,54.0,115.72727272727273,68.08333333333333,9640577.92820069,3.5153860010227698,-2.329496070191805,0.0,1.3866874823832476
legal,partida_15.pgn,white,0,33.79661016949152,0.0,4912.128124102271,410.0,115.00000000000004,0.576271186440678,0.576271186440678,0.7288135593220338,0.864406779661017,6.0,30.42105263157895,48.0,24.0,8917.315713875323,3.9670297127083556,-0.5305169893877077,14.0,2.456583351909523
legal,partida_15.pgn,black,0,27.551724137931036,2.0,2794.212841854934,274.0,82.6000000000001,0.46551724137931033,0.46551724137931033,0.7758620689655172,0.8793103448275862,5.0,35.89473684210526,36.0,11.6,8190.797859690845,-0.8511955599083363,-0.7546537072615456,11.0,2.8015686967214104
legal,partida_16.pgn,white,0,1296.5,25.0,11262006.75,10175.0,3106.3999999999983,0.375,0.375,0.5,0.625,1.0,21.5,38.5,2563.0,10903695.734375,3.140650471261254,-2.266913141324679,4.0,0.37677016125643675
legal,partida_16.pgn,black,0,43.125,0.0,3871.359375,169.0,133.29999999999998,0.625,0.5,0.875,0.875,2.0,29.0,0.0,71.75,11000747.0,3.1369806945439,2.2654400127340395,4.0,0.37677016125643675
legal,partida_17.pgn,white,0,50.108108108108105,5.0,7674.150474799125,419.0,155.5999999999999,0.4594594594594595,0.43243243243243246,0.5675675675675675,0.7567567567567568,5.0,27.0,96.91666666666667,28.23076923076923,58162.61358655953,2.1170793466498132,1.2896885027012934,2.0,2.512575802323514
legal,partida_17.pgn,black,0,63.67567567567568,6.0,11918.813732651572,483.0,130.99999999999997,0.3783783783783784,0.3783783783783784,0.6756756756756757,0.8108108108108109,4.0,30.75,57.0,100.23076923076923,66616.18407596786,2.5877539458706034,-1.6988632319654666,5.0,2.430328090788686
legal,partida_18.pgn,white,0,214.46875,14.0,1393902.0927734375,9545.0,222.9000000000001,0.4375,0.421875,0.703125,0.8125,3.0,48.666666666666664,532.3809523809524,69.27272727272727,24154.8115234375,-1.1670638880533482,-0.07268987257569515,2.0,3.158112548711431
legal,partida_18.pgn,black,0,223.9206349206349,36.0,1396958.517510708,9498.0,218.0,0.3333333333333333,0.3333333333333333,0.6507936507936508,0.8095238095238095,3.0,64.52380952380952,531.8571428571429,75.38095238095238,1486992.2212144115,56.141237385227704,-7.561229369088059,0.0,0.7507983490426671
legal,partida_19.pgn,white,0,51.733333333333334,0.0,13755.595555555557,597.0,123.70000000000005,0.6,0.6,0.7666666666666667,0.8,6.0,71.3,25.2,58.7,48134.00555555557,1.4911282492791775,1.05206458133967,1.0,2.545864157858944
legal,partida_19.pgn,black,0,51.03448275862069,1.0,8778.929845422115,402.0,196.2,0.4827586206896552,0.4827586206896552,0.6896551724137931,0.7586206896551724,3.0,96.55555555555556,10.333333333333334,47.09090909090909,52383.99524375743,0.9870778966322082,-1.1827721487610676,3.0,2.5278846637099774
legal,partida_2.pgn,white,0,62.666666666666664,8.5,8987.333333333336,292.0,232.30000000000004,0.4444444444444444,0.3888888888888889,0.6111111111111112,0.7777777777777778,2.0,13.5,74.5,100.0,96897.25,0.07632344320803197,0.9331100009056663,6.0,1.7060571156426696
legal,partida_2.pgn,black,0,106.17647058823529,25.0,41743.08650519032,829.0,274.6,0.29411764705882354,0.29411764705882354,0.5882352941176471,0.6470588235294118,2.0,15.6,52.8,209.0,81113.32179930795,-0.002449687528056632,-1.1241393835456115,4.0,1.6915591643104233
legal,partida_20.pgn,white,0,47.73684210526316,4.0,7111.562326869806,329.0,173.4,0.3157894736842105,0.3157894736842105,0.5789473684210527,0.7894736842105263,3.0,15.333333333333334,37.166666666666664,84.57142857142857,4955496.127423823,13.730271148571148,3.9415906255633653,4.0,0.8569977547780645
legal,partida_20.pgn,black,0,599.1111111111111,14.5,5220608.765432099,10013.0,263.50000000000006,0.4444444444444444,0.4444444444444444,0.6666666666666666,0.7222222222222222,4.0,58.5,23.0,1715.8333333333333,5157864.645061729,12.774743547586871,-3.8213859101226033,4.0,0.8544149816001836
legal,partida_21.pgn,white,0,289.27777777777777,4.0,2364550.3672839506,9382.0,98.5,0.4444444444444444,0.4444444444444444,0.7222222222222222,0.75,3.0,23.416666666666668,41.416666666666664,803.0,7368215.876543211,6.992004018766632,2.9881537112529934,8.0,0.9195027255617332
legal,partida_21.pgn,black,0,586.0,33.0,4659986.4,9411.0,256.20000000000016,0.3142857142857143,0.3142857142857143,0.5714285714285714,0.7428571428571429,2.0,36.54545454545455,42.27272727272727,1511.0,7524814.478367347,6.665981577562867,-2.9335956407489308,2.0,0.9719232261499327
legal,partida_22.pgn,white,0,52.89473684210526,0.0,18101.041551246544,576.0,116.5999999999999,0.5789473684210527,0.5789473684210527,0.7368421052631579,0.8421052631578947,4.0,6.5,98.66666666666667,53.42857142857143,5140483.296398893,13.745143522380591,3.944355703429599,2.0,0.708018976056273
legal,partida_22.pgn,black,0,619.5,0.0,5280410.916666667,10062.0,309.7000000000005,0.5555555555555556,0.5555555555555556,0.6666666666666666,0.7777777777777778,5.0,2.1666666666666665,26.166666666666668,1830.1666666666667,5355479.361111112,12.730413232091218,-3.812055005187566,2.0,0.42584844923858134
legal,partida_23.pgn,white,0,50.294117647058826,58.0,2030.4429065743946,140.0,111.0,0.29411764705882354,0.29411764705882354,0.4117647058823529,0.7647058823529411,3.0,21.4,57.0,66.14285714285714,1263.9100346020762,-0.4819465728998029,-0.23037268171498712,3.0,2.3947004058583334
legal,partida_23.pgn,black,0,54.25,36.0,3667.8125,162.0,159.0,0.375,0.375,0.4375,0.5625,2.0,33.6,75.4,53.833333333333336,2654.08984375,-0.9745354295461675,-0.03373232375311561,0.0,2.5126585295298014
legal,partida_24.pgn,white,0,419.9148936170213,7.0,3358474.375735628,9296.0,111.4,0.40425531914893614,0.40425531914893614,0.7659574468085106,0.851063829787234,4.0,26.0,53.53333333333333,1090.764705882353,72125.08465368945,0.33528494411373666,1.0690777201649908,2.0,2.4898266311493016
legal,partida_24.pgn,black,0,246.19565217391303,16.0,1816422.5921550088,9277.0,143.5,0.34782608695652173,0.34782608695652173,0.5652173913043478,0.6956521739130435,3.0,36.13333333333333,45.13333333333333,631.625,2063648.0850661627,38.634913412658676,-6.282506168916708,2.0,1.034344923137598
legal,partida_25.pgn,white,0,331.71875,12.5,2479549.2021484375,9090.0,194.10000000000005,0.40625,0.40625,0.625,0.75,5.0,38.9,56.2,805.3333333333334,113382.30859375,-0.6998288185705999,0.8738899304372668,2.0,2.6886680288690092
legal,partida_25.pgn,black,0,356.9032258064516,33.0,2525221.7003121763,9049.0,167.0,0.2903225806451613,0.25806451612903225,0.6129032258064516,0.6129032258064516,3.0,37.0,101.9,879.5454545454545,2985820.3059313213,24.41330134393217,-5.0600370567289925,0.0,1.0567210029468006
legal,partida_26.pgn,white,0,55.0,20.0,9049.813953488372,400.0,145.60000000000008,0.3488372093023256,0.32558139534883723,0.6744186046511628,0.813953488372093,3.0,30.071428571428573,59.5,74.06666666666666,26936.963764196862,0.6145221226067026,0.8752261043020898,12.0,2.8154405315399944
legal,partida_26.pgn,black,0,72.61904761904762,30.5,10978.473922902494,446.0,213.59999999999997,0.30952380952380953,0.30952380952380953,0.6190476190476191,0.6428571428571429,5.0,29.5,75.71428571428571,112.64285714285714,26782.914399092973,-0.2746143381006041,-0.49120427347984347,5.0,2.870751677105638
legal,partida_27.pgn,white,0,84.04761904761905,16.0,23516.14058956916,610.0,205.0,0.3333333333333333,0.3333333333333333,0.6666666666666666,0.7619047619047619,1.0,15.428571428571429,112.14285714285714,124.57142857142857,74052.84807256234,-1.3558790877764795,-0.5620056732526946,7.0,2.2274376530946975
legal,partida_27.pgn,black,0,50.333333333333336,0.0,6767.841269841268,276.0,163.0,0.5238095238095238,0.5238095238095238,0.5714285714285714,0.6666666666666666,7.0,35.0,116.0,0.0,97745.18820861678,-1.3187111840074366,0.6596228934003538,5.0,2.306336270507494
legal,partida_28.pgn,white,0,15.938775510204081,2.0,558.0574760516452,97.0,52.000000000000014,0.46938775510204084,0.46938775510204084,0.8163265306122449,0.8571428571428571,5.0,10.1875,13.1875,23.941176470588236,20192.26488962932,-0.4952930117467571,1.0498590957546234,3.0,2.627405570714113
legal,partida_28.pgn,black,0,27.3125,7.0,2234.4231770833335,275.0,72.50000000000006,0.4791666666666667,0.4791666666666667,0.75,0.8333333333333334,9.0,15.125,12.8125,54.0,20479.947482638887,-0.49495235784502967,-1.0345436181511287,4.0,2.65292945452766
legal,partida_29.pgn,white,0,29.285714285714285,0.0,2340.275510204082,180.0,100.2,0.5714285714285714,0.5714285714285714,0.6785714285714286,0.7857142857142857,6.0,10.666666666666666,33.22222222222222,42.5,104947.48979591836,-1.7819200331325569,0.2690015593417694,4.0,2.347578109497319
legal,partida_29.pgn,black,0,56.407407407407405,11.0,8768.685871056243,355.0,165.40000000000015,0.4444444444444444,0.4444444444444444,0.6666666666666666,0.7407407407407407,5.0,11.777777777777779,129.44444444444446,28.0,105614.75994513031,-1.7937459787142496,-0.15305280866829002,2.0,2.2941223817370626
legal,partida_3.pgn,white,0,13.363636363636363,0.0,442.77685950413235,53.0,49.0,0.6363636363636364,0.6363636363636364,0.9090909090909091,1.0,3.0,0.0,15.0,20.4,75744.79338842975,-0.8112736427525209,0.5612246970720993,0.0,1.540305825226517
legal,partida_3.pgn,black,0,93.6,53.0,12147.64,319.0,284.8,0.2,0.1,0.5,0.6,1.0,1.6666666666666667,124.0,139.75,73733.20999999999,-0.9007984907285147,-0.4146173023578415,0.0,1.4708084763221114
legal,partida_30.pgn,white,0,1252.8333333333333,12.0,9640535.13888889,9390.0,8929.2,0.43333333333333335,0.36666666666666664,0.7,0.7666666666666667,2.0,59.3,1864.1,1835.1,14709601.915555555,0.21953372914719038,1.4774083712440593,0.0,1.4222912819833833
legal,partida_30.pgn,black,0,1027.0344827586207,33.0,7641258.92984542,9297.0,2181.999999999994,0.3448275862068966,0.3103448275862069,0.4482758620689655,0.6551724137931034,4.0,78.0,1138.0,1712.7272727272727,19617882.822829958,-1.3300579898631903,-0.8093504008843387,0.0,1.3071497540051598
legal,partida_31.pgn,white,0,67.02439024390245,33.0,6547.828673408686,264.0,198.0,0.2926829268292683,0.2926829268292683,0.5121951219512195,0.6829268292682927,2.0,46.61538461538461,72.3076923076923,80.13333333333334,22496.736466389055,-0.4697869326501305,-0.37885226672879485,1.0,2.9928817449260854
legal,partida_31.pgn,black,0,60.05,14.5,8714.4475,369.0,187.70000000000005,0.4,0.4,0.6,0.75,3.0,33.30769230769231,60.15384615384615,84.78571428571429,16054.024374999997,-1.1397350218157107,0.07903612060550054,3.0,2.9087501001495384
legal,partida_32.pgn,white,0,46.87755102040816,18.0,5615.495210329031,337.0,149.60000000000002,0.40816326530612246,0.40816326530612246,0.6530612244897959,0.7959183673469388,5.0,44.0,49.375,47.23529411764706,43245.990837151185,-0.07128846134732258,0.9019874815056241,8.0,2.2955703844042836
legal,partida_32.pgn,black,0,62.673469387755105,9.0,14596.342357351103,590.0,143.80000000000007,0.30612244897959184,0.30612244897959184,0.6530612244897959,0.7551020408163265,2.0,49.1875,68.5625,69.82352941176471,46644.879633486045,-0.6917439568808623,-0.8514624573427114,4.0,2.76452838089143
legal,partida_33.pgn,white,0,26.434782608695652,0.0,3296.984877126655,313.0,89.5,0.6086956521739131,0.6086956521739131,0.782608695652174,0.8260869565217391,6.0,34.53333333333333,25.2,20.0,11160371.85255199,2.7661504793599487,2.174336624005087,9.0,1.0089960448668236
legal,partida_33.pgn,black,0,241.42222222222222,0.0,1797259.7995061728,9121.0,155.60000000000002,0.5111111111111111,0.4666666666666667,0.7555555555555555,0.7777777777777778,4.0,28.0,48.06666666666667,648.2,11305845.50320988,2.6031220734564133,-2.1364186897607405,11.0,1.0939044943295948
legal,partida_34.pgn,white,0,75.45833333333333,62.5,7205.3315972222235,290.0,201.99999999999994,0.25,0.20833333333333334,0.375,0.4166666666666667,2.0,28.875,52.0,145.5,11808.583333333334,1.0137032490030258,-0.6770377217681989,2.0,2.636391438937798
legal,partida_34.pgn,black,0,96.75,53.0,11954.520833333334,418.0,254.59999999999997,0.16666666666666666,0.16666666666666666,0.375,0.5,2.0,43.875,88.125,158.25,13936.38888888889,-0.7158660273217183,-0.4204981977632017,0.0,2.496180674977536
legal,partida_35.pgn,white,0,50.2093023255814,12.0,6439.932936722552,356.0,124.0,0.3953488372093023,0.3488372093023256,0.6976744186046512,0.7906976744186046,5.0,45.214285714285715,34.07142857142857,69.93333333333334,24592.475932936726,2.7815226414174568,-1.6107875237595006,7.0,2.5496672526430304
legal,partida_35.pgn,black,0,39.76744186046512,9.0,4150.411032990805,263.0,140.0000000000002,0.3953488372093023,0.3953488372093023,0.6511627906976745,0.7441860465116279,2.0,46.642857142857146,38.07142857142857,34.93333333333333,20609.162790697676,5.00776075151961,2.0582163979295918,6.0,2.1007139636674323
legal,partida_36.pgn,white,0,42.84,0.0,8773.574399999998,382.0,120.00000000000009,0.56,0.56,0.8,0.84,6.0,7.25,126.375,0.2222222222222222,10752300.166399999,3.422847301382072,2.320943711347745,4.0,1.1734140905474442
legal,partida_36.pgn,black,0,452.5,7.0,3601608.5833333335,9540.0,191.39999999999998,0.4166666666666667,0.375,0.7083333333333334,0.7083333333333334,2.0,3.875,75.0,1278.625,11133469.805555558,3.095110500140053,-2.2487491319247033,4.0,1.17295457751597
legal,partida_37.pgn,white,0,73.71428571428571,73.0,4834.204081632653,223.0,144.40000000000003,0.2857142857142857,0.2857142857142857,0.5714285714285714,0.7142857142857143,1.0,36.5,36.5,123.33333333333333,12508.57142857143,-1.260226259521371,-0.6005017063394616,3.0,1.277034259466139
legal,partida_37.pgn,black,0,55.142857142857146,24.0,6359.551020408164,241.0,139.60000000000008,0.2857142857142857,0.2857142857142857,0.5714285714285714,0.5714285714285714,1.0,34.0,2.5,104.33333333333333,6442.979591836735,0.8833119299303633,1.3760351138140823,4.0,1.15374194270109
legal,partida_38.pgn,white,0,312.05128205128204,21.0,2007742.0999342536,9009.0,301.4000000000003,0.3076923076923077,0.23076923076923078,0.5384615384615384,0.6923076923076923,1.0,181.46153846153845,60.84615384615385,693.8461538461538,20236474.094674557,-1.309599323883174,0.8147221959573753,4.0,1.5596325218549587
legal,partida_38.pgn,black,0,350.89473684210526,44.5,2169120.4626038773,9240.0,390.8,0.34210526315789475,0.2631578947368421,0.4473684210526316,0.47368421052631576,2.0,216.5,121.16666666666667,663.0,20940490.975069255,-1.5561540344927571,-0.6554291301306232,6.0,1.3996548889819747
legal,partida_39.pgn,white,0,30.641025641025642,13.0,4449.460880999341,374.0,50.40000000000002,0.4358974358974359,0.4358974358974359,0.717948717948718,0.7692307692307693,7.0,51.15384615384615,33.46153846153846,7.3076923076923075,9001138.29322814,4.713171220165235,2.5703116028632293,2.0,1.4041320757835
legal,partida_39.pgn,black,0,50.0,15.0,10789.947368421053,597.0,97.90000000000006,0.3157894736842105,0.3157894736842105,0.5263157894736842,0.7368421052631579,3.0,29.75,82.25,39.714285714285715,4871897.862188366,13.36079908964858,-3.868036608705876,2.0,1.404614406155088
legal,partida_4.pgn,white,0,37.51063829787234,9.0,5382.16478044364,414.0,82.39999999999999,0.3617021276595745,0.3617021276595745,0.6808510638297872,0.851063829787234,7.0,55.2,13.266666666666667,43.294117647058826,51417.827976459936,-1.198967110564676,0.004470097220639375,5.0,2.9941978455561538
legal,partida_4.pgn,black,0,25.29787234042553,5.0,1839.4857401539166,203.0,71.8,0.44680851063829785,0.40425531914893614,0.6808510638297872,0.7446808510638298,3.0,31.466666666666665,24.066666666666666,20.941176470588236,63535.18786781349,-1.0921775170909953,0.12367455061022987,7.0,2.863609610294748
legal,partida_40.pgn,white,0,71.08333333333333,8.5,30847.32638888889,845.0,146.7,0.2916666666666667,0.25,0.5833333333333334,0.7083333333333334,3.0,22.125,77.375,113.75,27207.58159722223,4.301599807754559,-1.603539227451127,7.0,2.163765337763846
legal,partida_40.pgn,black,0,48.041666666666664,10.0,4372.289930555556,200.0,163.59999999999997,0.4583333333333333,0.4583333333333333,0.625,0.75,5.0,12.625,105.75,25.75,29597.234375,3.431995959505696,1.452419998457355,3.0,2.303976101724108
legal,partida_41.pgn,white,0,22.1,1.0,1690.0900000000001,140.0,44.599999999999966,0.5,0.5,0.7,0.8,2.0,0.6666666666666666,18.0,41.25,4639.84,1.9830746927456655,-1.6737156793853256,3.0,1.6434177197931799
legal,partida_41.pgn,black,0,4.333333333333333,4.0,16.666666666666668,12.0,9.600000000000001,0.3333333333333333,0.3333333333333333,0.8888888888888888,0.8888888888888888,1.0,3.6666666666666665,6.333333333333333,3.0,1089.7283950617284,-0.9393988306526553,0.48932149623009313,1.0,1.310783678099714
legal,partida_42.pgn,white,0,497.3720930232558,0.0,4086588.0708491094,10206.0,265.0,0.5348837209302325,0.46511627906976744,0.6395348837209303,0.7441860465116279,8.0,755.8571428571429,737.3571428571429,32.13333333333333,11321360.188750677,4.80023163023003,1.1990640107851769,9.0,1.245316625009034
legal,partida_42.pgn,black,0,525.8705882352941,28.0,4032377.3597231857,9565.0,366.4000000000001,0.36470588235294116,0.3411764705882353,0.6470588235294118,0.8117647058823529,5.0,754.3214285714286,783.8571428571429,56.206896551724135,10456236.687058823,3.40006104512317,-2.2895728794023245,8.0,1.5778972549195496
legal,partida_43.pgn,white,0,51.83018867924528,15.0,7450.895692417231,463.0,132.60000000000008,0.39622641509433965,0.39622641509433965,0.6792452830188679,0.7547169811320755,3.0,39.76470588235294,90.29411764705883,28.210526315789473,1791456.6059095764,43.500874706047185,-6.580617386503602,3.0,1.0703390739773142
legal,partida_43.pgn,black,0,42.43396226415094,7.0,6669.226771092917,513.0,113.60000000000008,0.4716981132075472,0.4716981132075472,0.660377358490566,0.7547169811320755,3.0,25.352941176470587,70.23529411764706,32.8421052631579,1821994.5817016729,42.437626177305965,6.460827164919875,3.0,1.301569095203594
legal,partida_44.pgn,white,0,67.66666666666667,46.0,8417.85185185185,474.0,144.20000000000002,0.2222222222222222,0.2222222222222222,0.48148148148148145,0.6296296296296297,2.0,53.666666666666664,62.111111111111114,87.22222222222223,17218.891632373114,0.5527706525351825,-0.08478114316830541,1.0,2.6729115917964608
legal,partida_44.pgn,black,0,39.925925925925924,13.0,2122.0685871056244,122.0,109.20000000000005,0.37037037037037035,0.3333333333333333,0.6296296296296297,0.7037037037037037,2.0,25.11111111111111,52.0,42.666666666666664,16657.95061728395,1.6073197079370445,0.3708388974031167,1.0,2.4481550885281607
legal,partida_45.pgn,white,0,280.1707317073171,17.0,2028337.604997025,9271.0,226.0,0.3170731707317073,0.3170731707317073,0.6341463414634146,0.6829268292682927,3.0,65.6923076923077,31.923076923076923,681.2,4478693.213563356,15.392611054644483,-4.159831964292029,0.0,0.6202128071299435
legal,partida_45.pgn,black,0,33.5609756097561,0.0,4594.587745389649,296.0,72.0,0.5121951219512195,0.5121951219512195,0.7317073170731707,0.8048780487804879,6.0,47.07692307692308,17.307692307692307,35.93333333333333,4509356.954193932,15.397939160582311,4.160661416549063,5.0,0.9300741558744667
legal,partida_46.pgn,white,0,771.5555555555555,46.0,5897721.802469135,9421.0,420.00000000000034,0.3333333333333333,0.3333333333333333,0.6666666666666666,0.7777777777777778,2.0,102.77777777777777,96.77777777777777,2115.1111111111113,9274763.113854595,4.020055897307652,-2.437745751530826,3.0,1.2005943581359086
legal,partida_46.pgn,black,0,410.4074074074074,21.0,3047168.093278464,9288.0,231.60000000000036,0.3333333333333333,0.2962962962962963,0.5555555555555556,0.6296296296296297,2.0,94.66666666666667,66.55555555555556,1070.0,6556931.056241427,8.250234127165315,3.1679031711549404,3.0,1.3437521330668265
legal,partida_47.pgn,white,0,240.2941176470588,48.5,1099602.7370242213,8694.0,278.5,0.27941176470588236,0.25,0.5294117647058824,0.6617647058823529,2.0,113.5909090909091,130.6818181818182,456.9166666666667,10476657.661548447,3.4025321349601922,2.2878308904700084,4.0,1.7454313465406897
legal,partida_47.pgn,black,0,265.07462686567163,43.0,1207174.5466696373,8987.0,345.7999999999999,0.373134328358209,0.3582089552238806,0.5522388059701493,0.7014925373134329,5.0,142.9090909090909,80.72727272727273,558.2608695652174,10348762.327021608,3.285502185368359,-2.2613728667745794,8.0,1.800627343866754
legal,partida_48.pgn,white,0,58.75,10.0,5859.2875,258.0,172.4,0.3,0.3,0.45,0.6,2.0,41.333333333333336,111.83333333333333,32.0,213739.3875,-1.196292527196985,-0.08638408992137926,2.0,2.0423161244496075
legal,partida_48.pgn,black,0,112.0,55.0,56525.5,1109.0,201.00000000000003,0.25,0.25,0.65,0.7,3.0,78.83333333333333,14.166666666666666,210.25,196719.0875,-1.2063061270387396,0.1719550827930075,2.0,2.432042025597347
legal,partida_49.pgn,white,0,44.15625,10.0,5726.6318359375,332.0,89.90000000000005,0.25,0.1875,0.59375,0.78125,2.0,24.1,59.3,48.25,5731888.4052734375,10.97141500678216,3.593873488523441,4.0,0.46341355882643015
legal,partida_49.pgn,black,0,353.93548387096774,27.0,2782234.060353798,9482.0,169.0,0.3225806451612903,0.2903225806451613,0.5483870967741935,0.7096774193548387,4.0,27.4,62.4,915.8181818181819,5862577.257023934,10.485066944572328,-3.5263386044533105,2.0,0.4739812656349312
legal,partida_5.pgn,white,0,55.69565217391305,27.0,5516.559546313799,320.0,144.00000000000003,0.13043478260869565,0.08695652173913043,0.4782608695652174,0.5217391304347826,1.0,21.0,90.14285714285714,55.888888888888886,131577.2551984877,-1.6908493438064311,-0.22554247576492617,1.0,2.2191424336356196
legal,partida_5.pgn,black,0,10.521739130434783,0.0,299.2060491493384,70.0,27.000000000000004,0.5652173913043478,0.391304347826087,0.8260869565217391,0.9130434782608695,3.0,7.714285714285714,12.714285714285714,11.0,132522.34404536863,-1.6622424769877322,0.22338732578459072,3.0,2.3034270658800353
legal,partida_50.pgn,white,0,496.5,32.0,3573005.7884615385,9904.0,489.5,0.2692307692307692,0.2692307692307692,0.5,0.6923076923076923,1.0,15.875,173.125,1139.7,3743702.1967455624,20.33196143700494,4.682531886869873,8.0,0.9693406427472315
legal,partida_50.pgn,black,0,914.0,73.0,6790128.56,9923.0,606.6,0.28,0.28,0.48,0.6,2.0,46.125,183.375,2334.8888888888887,7218724.758400002,7.437815933398838,-3.055669623672757,2.0,0.8950711356531976
legal,partida_51.pgn,white,0,362.7096774193548,20.0,2715411.8189386064,9370.0,242.0,0.3548387096774194,0.3225806451612903,0.6129032258064516,0.6129032258064516,3.0,20.5,59.3,949.6363636363636,5916410.799167533,10.394283382859903,-3.5058907777830512,1.0,0.9467079734752033
legal,partida_51.pgn,black,0,329.93548387096774,18.0,2477858.447450572,8945.0,179.0,0.3548387096774194,0.3548387096774194,0.7419354838709677,0.8387096774193549,2.0,28.5,63.2,846.4545454545455,90204.72216441207,2.0462982782300756,1.4981762814342554,5.0,2.712562693256372
legal,partida_52.pgn,white,0,214.37037037037038,1.5,1782591.2331961587,9916.0,67.20000000000002,0.4444444444444444,0.4444444444444444,0.8703703703703703,0.8888888888888888,7.0,19.944444444444443,40.5,582.6666666666666,3549340.4183813445,21.895599569177666,-4.880855307391505,11.0,0.2499210534150058
legal,partida_52.pgn,black,0,219.59259259259258,4.5,1746129.9451303151,9802.0,76.0,0.4444444444444444,0.42592592592592593,0.7222222222222222,0.8518518518518519,4.0,30.944444444444443,33.94444444444444,593.8888888888889,1815810.8412208501,48.6481042742673,7.102715836760392,16.0,0.7681531021576369
legal,partida_53.pgn,white,0,85.76190476190476,9.0,43816.086167800444,969.0,208.0,0.42857142857142855,0.42857142857142855,0.6666666666666666,0.8095238095238095,5.0,13.857142857142858,69.71428571428571,173.71428571428572,61053.773242630385,0.4535604760828926,-1.143888107682345,5.0,2.02065988387882
legal,partida_53.pgn,black,0,52.19047619047619,0.0,11302.0589569161,427.0,202.0,0.5714285714285714,0.5714285714285714,0.7142857142857143,0.8095238095238095,3.0,15.285714285714286,30.285714285714285,111.0,65326.616780045355,0.3553181597421555,0.8620910119172993,5.0,2.306336270507494
legal,partida_54.pgn,white,0,440.4583333333333,46.5,3242214.6649305555,9071.0,169.49999999999997,0.20833333333333334,0.20833333333333334,0.4166666666666667,0.6666666666666666,2.0,49.5,90.75,1181.125,7288333.831597221,6.801773128884911,-2.937061506382261,3.0,1.05938459334224
legal,partida_54.pgn,black,0,25.791666666666668,2.5,3367.248263888889,249.0,45.5,0.4583333333333333,0.4166666666666667,0.7916666666666666,0.875,10.0,41.125,30.375,5.875,3885052.1041666665,17.436521465991685,4.315395942963018,5.0,1.0722550961286255
legal,partida_55.pgn,white,0,512.7272727272727,2.5,4440790.107438017,10160.0,262.10000000000014,0.5,0.5,0.8636363636363636,0.9090909090909091,4.0,16.285714285714285,66.28571428571429,1337.75,27301.909090909092,-1.426302568196915,-0.5244003455402794,3.0,2.0083299225285955
legal,partida_55.pgn,black,0,528.047619047619,7.0,4755120.045351475,10276.0,164.0,0.42857142857142855,0.42857142857142855,0.7142857142857143,0.8571428571428571,3.0,26.285714285714285,55.142857142857146,1502.7142857142858,4587233.378684808,15.830666764485638,-4.207159031930813,4.0,0.5010469137590972
legal,partida_56.pgn,white,0,78.80952380952381,19.0,14420.439909297053,495.0,197.0,0.42857142857142855,0.42857142857142855,0.5714285714285714,0.6666666666666666,4.0,30.0,134.57142857142858,71.85714285714286,107109.76870748299,-1.462363070699269,-0.4779712908458898,5.0,1.9088710227238526
legal,partida_56.pgn,black,0,52.61904761904762,13.0,7558.807256235827,353.0,118.0,0.3333333333333333,0.3333333333333333,0.6190476190476191,0.7619047619047619,3.0,20.857142857142858,90.85714285714286,46.142857142857146,131927.47392290249,-0.9895283136455291,0.15214196611131692,5.0,2.2685350920163807
legal,partida_57.pgn,white,0,60.833333333333336,19.0,9220.47222222222,280.0,240.70000000000007,0.4166666666666667,0.4166666666666667,0.75,0.8333333333333334,2.0,24.0,76.0,82.5,70664.57638888889,0.19247003200461776,1.2263932921155138,0.0,1.4735023850806488
legal,partida_57.pgn,black,0,140.72727272727272,65.0,32869.28925619834,627.0,355.0,0.09090909090909091,0.09090909090909091,0.36363636363636365,0.36363636363636365,1.0,35.0,91.0,234.0,77824.97520661158,-0.6523816427545936,-0.8219029790529888,0.0,1.7677614722893291
legal,partida_58.pgn,white,0,32.0,5.5,3208.2727272727275,236.0,87.80000000000004,0.5,0.5,0.6818181818181818,0.7272727272727273,5.0,31.714285714285715,48.57142857142857,17.75,16076.588842975203,9.822382250906658,2.9631667468903875,4.0,1.7986522062521288
legal,partida_58.pgn,black,0,62.523809523809526,23.0,10975.011337868482,471.0,129.0,0.2857142857142857,0.2857142857142857,0.5238095238095238,0.7142857142857143,2.0,39.42857142857143,58.714285714285715,89.42857142857143,11318.0589569161,9.878445965819273,-3.0566002540563226,0.0,1.9297292884081325
legal,partida_59.pgn,white,0,433.5,60.5,2926794.6071428573,9288.0,346.40000000000015,0.25,0.25,0.5357142857142857,0.5714285714285714,3.0,12.444444444444445,225.11111111111111,1000.0,3386769.280612245,21.859332122128865,-4.82075509741572,5.0,1.2370423570500069
legal,partida_59.pgn,black,0,78.0,27.0,14761.785714285714,515.0,230.80000000000004,0.32142857142857145,0.32142857142857145,0.5714285714285714,0.75,4.0,26.666666666666668,188.66666666666666,24.6,3459550.891581633,21.56033018904629,4.772426509089633,1.0,1.3117920918735138
legal,partida_6.pgn,white,0,34.0,7.0,1944.875,163.0,88.20000000000002,0.5,0.40625,0.4375,0.53125,3.0,47.0,41.7,16.75,141579.1240234375,-1.5983933701288704,-0.23024283450050903,2.0,2.712915518962143
legal,partida_6.pgn,black,0,58.03225806451613,8.0,18948.48283038501,769.0,110.0,0.41935483870967744,0.41935483870967744,0.7096774193548387,0.7096774193548387,4.0,28.1,104.9,42.63636363636363,127727.46514047869,-1.4747079879211502,0.3649454495100921,2.0,2.488966828559615
legal,partida_60.pgn,white,0,53.1,26.0,4586.45,257.0,165.5,0.24,0.24,0.46,0.58,4.0,57.375,68.0,36.05555555555556,66811.5284,-1.214506758969894,-0.04018666050040531,7.0,2.953244365472273
legal,partida_60.pgn,black,0,43.32,17.0,3861.6976,260.0,136.5,0.36,0.34,0.56,0.7,4.0,60.9375,40.4375,30.22222222222222,71624.35359999999,-1.5142285298655014,-0.122937712362684,5.0,2.9433594833317245
legal,partida_61.pgn,white,0,54.64705882352941,37.0,4636.110726643598,238.0,139.80000000000004,0.23529411764705882,0.17647058823529413,0.5882352941176471,0.8235294117647058,2.0,3.0,61.0,87.0,7143.7923875432525,-0.8388470588352575,-0.7051174558914314,1.0,2.0028830410906506
legal,partida_61.pgn,black,0,36.1764705882353,13.0,3051.086505190311,198.0,102.60000000000002,0.35294117647058826,0.35294117647058826,0.7647058823529411,0.9411764705882353,2.0,13.4,41.4,48.714285714285715,6783.6193771626295,-0.21677756965363582,1.0361799468058264,3.0,2.20082764903455
legal,partida_62.pgn,white,0,504.1304347826087,72.0,3431538.287334594,9171.0,355.00000000000017,0.17391304347826086,0.17391304347826086,0.43478260869565216,0.4782608695652174,1.0,118.42857142857143,152.28571428571428,1077.7777777777778,7467397.255198489,6.412115051582328,-2.8787707677091148,5.0,0.9021825489048647
legal,partida_62.pgn,black,0,81.08695652173913,71.0,10199.81852551985,480.0,148.80000000000004,0.30434782608695654,0.2608695652173913,0.43478260869565216,0.5217391304347826,2.0,121.42857142857143,79.57142857142857,50.888888888888886,7594336.688090739,6.355306363476824,2.8628417603850247,1.0,1.0686175394975002
legal,partida_63.pgn,white,0,882.0,52.5,6480617.75,8821.0,394.5000000000004,0.21875,0.15625,0.46875,0.59375,1.0,82.4,101.4,2198.8333333333335,20132465.71484375,-1.351504425652637,0.7798004743965362,7.0,1.4965509996321553
legal,partida_63.pgn,black,0,1224.7096774193549,49.0,8672178.528616024,9164.0,8668.0,0.22580645161290322,0.16129032258064516,0.4838709677419355,0.6129032258064516,1.0,103.6,1065.7,2388.4545454545455,22813207.704474498,-1.8851009347510177,-0.3146603687621748,5.0,1.2223032058314067
legal,partida_64.pgn,white,0,10.0,0.0,309.625,59.0,37.0,0.625,0.625,0.875,0.9375,7.0,1.2,0.0,25.666666666666668,51621.234375,-1.3228377479318578,0.025053578320808234,0.0,1.7170759801988815
legal,partida_64.pgn,black,0,65.93333333333334,30.0,9139.262222222222,310.0,221.2,0.3333333333333333,0.26666666666666666,0.5333333333333333,0.8,2.0,45.2,68.6,84.0,52392.78222222222,-1.3700553007572274,0.14856124487716862,0.0,1.3378606778364335
legal,partida_65.pgn,white,0,646.5652173913044,37.5,5080431.854442345,9221.0,170.5,0.2826086956521739,0.2826086956521739,0.43478260869565216,0.5434782608695652,2.0,53.2,53.266666666666666,1759.0625,4073566.646502836,16.827325569317722,4.264362806154775,9.0,1.227444920980194
legal,partida_65.pgn,black,0,62.111111111111114,24.0,8647.120987654322,490.0,173.60000000000002,0.37777777777777777,0.37777777777777777,0.5777777777777777,0.7111111111111111,5.0,43.53333333333333,93.6,49.2,2162205.7600000002,35.27432958154146,-5.917811835663796,7.0,1.3378606778364333
legal,partida_66.pgn,white,0,47.2,26.5,5662.520000000001,472.0,108.20000000000002,0.36,0.36,0.56,0.64,2.0,33.6875,56.875,50.611111111111114,81590.5396,-1.5435963016975873,-0.21411943116024604,9.0,2.8418945692432476
legal,partida_66.pgn,black,0,31.877551020408163,14.0,1668.474802165764,137.0,107.80000000000001,0.3877551020408163,0.3877551020408163,0.6530612244897959,0.7346938775510204,4.0,23.0,43.8125,29.0,82822.06247396917,-1.482791478742996,0.27414542627357136,7.0,2.8309695938240735
legal,partida_67.pgn,white,0,42.951219512195124,4.0,6509.753718024987,338.0,161.0,0.43902439024390244,0.4146341463414634,0.7073170731707317,0.7560975609756098,2.0,6.6923076923076925,75.15384615384616,46.46666666666667,5286.73765615705,2.5375588395719566,0.7899184583377035,7.0,2.4511814079832703
legal,partida_67.pgn,black,0,45.146341463414636,6.0,9265.978584176086,487.0,105.0,0.3902439024390244,0.3902439024390244,0.7317073170731707,0.9024390243902439,3.0,6.076923076923077,79.07692307692308,49.6,12731.963117192148,11.694928973132063,-3.1175946220723247,8.0,2.1010060977826273
legal,partida_68.pgn,white,0,57.54545454545455,2.5,12094.702479338843,479.0,142.80000000000004,0.45454545454545453,0.45454545454545453,0.6818181818181818,0.7272727272727273,6.0,27.571428571428573,1.7142857142857142,132.625,20277.845041322315,7.708738089394313,-2.563235953011605,3.0,2.0462409307385143
legal,partida_68.pgn,black,0,37.54545454545455,24.5,1324.0661157024792,108.0,91.30000000000001,0.18181818181818182,0.18181818181818182,0.6363636363636364,0.7727272727272727,2.0,30.0,17.714285714285715,61.5,19018.572314049587,5.406264369067886,2.0084149894089585,3.0,1.9330176059072897
legal,partida_69.pgn,white,0,47.69565217391305,18.0,3212.385633270321,200.0,102.80000000000001,0.30434782608695654,0.30434782608695654,0.6956521739130435,0.8260869565217391,1.0,54.714285714285715,24.428571428571427,60.333333333333336,8992.922495274102,0.5428429178862495,-0.8784848301809313,5.0,2.441757860004928
legal,partida_69.pgn,black,0,34.78260869565217,22.0,1518.8657844990553,147.0,84.2,0.30434782608695654,0.30434782608695654,0.6086956521739131,0.782608695652174,4.0,40.57142857142857,15.428571428571429,45.333333333333336,9916.84688090737,0.03918915983182991,0.4652108830059557,5.0,2.4842480695043685
legal,partida_7.pgn,white,0,26.736842105263158,1.0,1590.2991689750693,139.0,71.79999999999995,0.42105263157894735,0.42105263157894735,0.8421052631578947,0.9473684210526315,3.0,3.5,41.166666666666664,34.285714285714285,5651.102493074792,-0.8647492739556437,0.1856733823670622,6.0,2.3786201994102134
legal,partida_7.pgn,black,0,33.73684210526316,2.0,4250.614958448754,217.0,89.7999999999999,0.3684210526315789,0.3684210526315789,0.7368421052631579,0.7894736842105263,2.0,1.1666666666666667,51.333333333333336,46.57142857142857,8710.952908587258,1.6754339568410135,-1.1816730414234466,4.0,2.260233853174674
legal,partida_70.pgn,white,0,43.733333333333334,18.0,3748.8622222222216,244.0,90.39999999999999,0.26666666666666666,0.26666666666666666,0.6666666666666666,0.8,2.0,8.4,41.4,81.4,12892.266666666666,1.0985030592413203,-1.4081840432821524,3.0,1.9913464134109882
legal,partida_70.pgn,black,0,33.214285714285715,0.0,5704.882653061223,295.0,61.90000000000003,0.5714285714285714,0.5,0.7857142857142857,0.9285714285714286,4.0,0.0,26.25,60.0,7862.515306122449,3.6081651669572885,1.7249098046689382,3.0,1.7721393884375283
legal,partida_71.pgn,white,0,819.2972972972973,53.0,6196351.884587291,9259.0,339.59999999999985,0.1891891891891892,0.1891891891891892,0.32432432432432434,0.4864864864864865,2.0,48.166666666666664,104.25,2191.153846153846,6868429.867056244,7.01265822139459,-2.956736768277094,5.0,1.1664489497052368
legal,partida_71.pgn,black,0,797.9459459459459,42.0,6395980.537618699,9409.0,199.3999999999998,0.2702702702702703,0.2702702702702703,0.4864864864864865,0.5405405405405406,3.0,49.75,32.75,2194.923076923077,147705.34842951057,-1.4918484433102575,-0.5299322947553599,3.0,2.669274423504467
legal,partida_72.pgn,white,0,355.1764705882353,27.5,2539498.498269896,9483.0,327.2999999999999,0.08823529411764706,0.08823529411764706,0.5588235294117647,0.6764705882352942,1.0,37.09090909090909,49.90909090909091,926.5833333333334,2857371.253460208,28.283418069205318,-5.468511980842777,5.0,0.5928854599842434
legal,partida_72.pgn,black,0,338.44117647058823,22.5,2502503.658304499,9408.0,200.69999999999996,0.23529411764705882,0.23529411764705882,0.5588235294117647,0.6470588235294118,2.0,34.90909090909091,43.90909090909091,886.6666666666666,40953.42647058824,1.9134419595814194,1.6450762949728794,7.0,2.430078179121455
legal,partida_73.pgn,white,0,123.68627450980392,23.0,43100.33294886581,902.0,378.0,0.29411764705882354,0.27450980392156865,0.5686274509803921,0.6862745098039216,2.0,40.470588235294116,89.82352941176471,240.76470588235293,117042.40676662822,-0.39742631304611953,-0.37699864428686114,12.0,2.4210567776001892
legal,partida_73.pgn,black,0,141.36,34.5,73855.11039999999,1447.0,372.8000000000002,0.28,0.26,0.62,0.68,5.0,48.75,54.375,301.0,86206.88,0.5421272850612873,0.8666514073036553,11.0,2.7077765225804384
legal,partida_74.pgn,white,0,74.82142857142857,15.0,14437.218112244898,532.0,186.70000000000002,0.35714285714285715,0.35714285714285715,0.5357142857142857,0.5714285714285714,2.0,43.0,41.22222222222222,133.7,24538.91836734694,2.3226907291126695,-1.2030986267579356,3.0,2.366265543203195
legal,partida_74.pgn,black,0,48.142857142857146,11.5,3711.122448979591,179.0,147.3,0.2857142857142857,0.2857142857142857,0.6071428571428571,0.75,3.0,45.111111111111114,27.0,69.9,21383.229591836734,3.771736546460719,1.3922609669182884,3.0,2.332970268689007
legal,partida_75.pgn,white,0,76.86666666666666,0.0,11188.24888888889,265.0,245.6,0.5333333333333333,0.5333333333333333,0.6666666666666666,0.6666666666666666,2.0,7.2,125.8,97.6,65188.63999999999,-1.009115937914375,-0.6510151943220722,3.0,1.8989267893363286
legal,partida_75.pgn,black,0,37.92857142857143,0.0,2931.3520408163267,149.0,121.7,0.5714285714285714,0.5,0.7142857142857143,0.8571428571428571,3.0,14.25,57.75,40.5,60603.77551020408,-0.8897046796858037,0.5937134587770009,1.0,1.9459101490553132
legal,partida_76.pgn,white,0,376.82142857142856,0.5,2898860.932397958,9213.0,205.90000000000006,0.5,0.4642857142857143,0.7142857142857143,0.7857142857142857,3.0,36.666666666666664,94.66666666666667,936.9,14174551.667091837,0.7890317802878122,1.661939231262526,4.0,1.0194897804814294
legal,partida_76.pgn,black,0,759.0,29.0,5908258.0,9454.0,316.8,0.2962962962962963,0.25925925925925924,0.5555555555555556,0.6666666666666666,2.0,37.888888888888886,119.88888888888889,2119.222222222222,18519503.24554184,-0.7964095439000705,-1.0936546525178221,2.0,0.9888252503713347
legal,partida_77.pgn,white,0,343.61290322580646,17.0,2687690.5598335066,9316.0,180.0,0.2903225806451613,0.2903225806451613,0.5806451612903226,0.8064516129032258,3.0,26.0,64.4,886.1818181818181,3082035.082206036,24.50850453898236,-5.071820809677397,5.0,1.0840727288540213
legal,partida_77.pgn,black,0,21.29032258064516,0.0,1813.302809573361,206.0,68.0,0.5483870967741935,0.5161290322580645,0.8387096774193549,0.8709677419354839,6.0,21.0,32.1,11.727272727272727,3093623.411030177,24.396240016209287,5.055218086631488,3.0,1.0840727288540217
legal,partida_78.pgn,white,0,761.0,7.5,6431649.285714285,9899.0,277.4000000000001,0.35714285714285715,0.35714285714285715,0.6428571428571429,0.8571428571428571,1.0,3.75,61.75,1732.0,12344800.066326533,2.1541347312234542,-2.0355615960099196,1.0,0.410116318288409
legal,partida_78.pgn,black,0,41.857142857142854,4.0,3715.4081632653056,197.0,123.30000000000004,0.42857142857142855,0.42857142857142855,0.7857142857142857,0.8571428571428571,2.0,37.5,84.0,16.666666666666668,12449896.67857143,2.153889053153746,2.03547247806189,1.0,0.4101163182884092
legal,partida_79.pgn,white,0,65.39473684210526,21.5,9135.081024930749,347.0,241.40000000000012,0.3157894736842105,0.3157894736842105,0.5526315789473685,0.7631578947368421,4.0,26.75,91.41666666666667,76.21428571428571,61092.57132963988,-0.4546337145308974,0.45253463035162994,6.0,2.4204004493214426
legal,partida_79.pgn,black,0,88.27027027027027,31.0,21061.60262965668,738.0,261.39999999999986,0.2702702702702703,0.2702702702702703,0.5405405405405406,0.7027027027027027,2.0,22.333333333333332,90.33333333333333,147.23076923076923,65033.21694667641,-0.3498520116589008,-0.7857678347487058,6.0,2.742338403320625
legal,partida_8.pgn,white,0,694.0,17.5,5758640.214285715,9375.0,97.60000000000002,0.32142857142857145,0.32142857142857145,0.6428571428571429,0.75,3.0,18.77777777777778,46.44444444444444,1884.5,75541.3099489796,0.8914934210390437,1.5440868247936634,4.0,2.050515032114485
legal,partida_8.pgn,black,0,743.6666666666666,44.0,5800392.37037037,9328.0,285.40000000000043,0.2222222222222222,0.2222222222222222,0.5555555555555556,0.7037037037037037,1.0,19.22222222222222,69.33333333333333,2142.4444444444443,6748992.0,8.408229431369758,-3.2109335140779094,8.0,0.6745212105923754
legal,partida_80.pgn,white,0,28.25,2.0,2108.5208333333335,134.0,109.40000000000003,0.5,0.4166666666666667,0.75,0.75,2.0,10.25,31.25,43.25,13504411.743055552,1.1969131244199378,1.7871250878888956,2.0,0.45056120886630435
legal,partida_80.pgn,black,0,948.2727272727273,51.0,7762240.561983469,9756.0,187.0,0.2727272727272727,0.2727272727272727,0.45454545454545453,0.6363636363636364,1.0,69.66666666666667,33.333333333333336,2024.4,14301137.140495867,0.7202510070375268,-1.648650261221856,0.0,0.4741393130578374
legal,partida_81.pgn,white,0,62.06060606060606,5.0,14334.784205693297,508.0,176.4,0.42424242424242425,0.42424242424242425,0.6666666666666666,0.7575757575757576,4.0,16.454545454545453,95.0909090909091,74.63636363636364,47594.2277318641,-1.487367459105031,-0.50594563435241,7.0,2.4227718429520104
legal,partida_81.pgn,black,0,47.75757575757576,9.0,6907.274563820019,368.0,130.0,0.3939393939393939,0.3939393939393939,0.7575757575757576,0.8484848484848485,3.0,12.363636363636363,66.0909090909091,64.81818181818181,45701.99632690542,-0.8944013227520173,0.864311342398313,5.0,2.5149889740668168
legal,partida_82.pgn,white,0,119.25,103.0,12269.4375,371.0,221.89999999999998,0.25,0.25,0.375,0.5,1.0,63.5,75.0,169.25,46806.859375,0.529098033665182,-1.1301859418199676,1.0,1.4941751382893085
legal,partida_82.pgn,black,0,12.875,0.0,407.859375,50.0,46.5,0.625,0.625,0.75,0.75,3.0,22.5,25.0,2.0,40999.75,0.26674328485762544,0.9489176719246003,1.0,1.7328679513998633
legal,partida_83.pgn,white,0,121.52631578947368,98.0,10724.35457063712,336.0,269.59999999999997,0.10526315789473684,0.05263157894736842,0.3684210526315789,0.3684210526315789,1.0,85.66666666666667,172.5,108.57142857142857,8807245.578947369,4.319239343153035,-2.473932746116817,1.0,1.1942726843483218
legal,partida_83.pgn,black,0,43.21052631578947,12.0,3656.060941828254,206.0,142.6,0.42105263157894735,0.3157894736842105,0.631578947368421,0.6842105263157895,2.0,69.5,15.166666666666666,44.714285714285715,8916102.87534626,4.300787276414685,2.467863609338288,1.0,1.1630900731479805
legal,partida_84.pgn,white,0,13.28,0.0,497.80159999999995,96.0,38.6,0.52,0.48,0.68,0.76,5.0,16.875,13.375,10.0,3664917.910400001,18.73870349315871,4.478498856254885,3.0,1.1109343929991262
legal,partida_84.pgn,black,0,423.7916666666667,11.0,3123844.3315972225,8888.0,207.29999999999993,0.20833333333333334,0.20833333333333334,0.6666666666666666,0.7916666666666666,2.0,8.75,83.5,1179.125,3794830.539930556,17.815306473201144,-4.378581100137273,2.0,1.0377968161163396
legal,partida_85.pgn,white,0,66.0576923076923,13.0,15782.900517751481,742.0,207.89999999999995,0.28846153846153844,0.28846153846153844,0.6153846153846154,0.8461538461538461,4.0,15.823529411764707,61.94117647058823,117.38888888888889,17677.495562130178,1.1042927451098343,-0.7809919320525831,4.0,2.5594477636617032
legal,partida_85.pgn,black,0,252.32692307692307,17.5,1741325.835428994,9643.0,249.4999999999999,0.3269230769230769,0.3269230769230769,0.6346153846153846,0.7884615384615384,4.0,23.941176470588236,59.529411764705884,650.1111111111111,1826710.6390532544,45.93491222841255,-6.882788324263875,2.0,0.6063970615556672
legal,partida_86.pgn,white,0,478.25,36.5,3725599.460227273,9346.0,133.8,0.09090909090909091,0.09090909090909091,0.36363636363636365,0.6590909090909091,1.0,46.214285714285715,70.28571428571429,1213.25,5982380.128099174,9.33899921376531,-3.329512312869241,1.0,1.1852770466143636
legal,partida_86.pgn,black,0,678.8372093023256,26.0,5466537.485127095,9319.0,142.20000000000005,0.20930232558139536,0.18604651162790697,0.4418604651162791,0.5813953488372093,3.0,36.07142857142857,30.0,1884.3333333333333,108823.53921038401,-1.37139300156029,-0.4461258044495895,1.0,2.4651176028850035
legal,partida_87.pgn,white,0,31.36,0.0,3328.070399999999,237.0,70.6,0.6,0.6,0.84,0.92,7.0,32.75,50.5,13.11111111111111,3532296.5344,18.938294623014237,4.506874087610399,0.0,1.087847391010481
legal,partida_87.pgn,black,0,466.875,67.0,3258330.6927083335,9107.0,309.9999999999999,0.20833333333333334,0.20833333333333334,0.4166666666666667,0.5416666666666666,3.0,134.625,79.75,1186.25,3624030.4722222234,18.08835317500088,-4.420388148950611,0.0,1.0533373180151835
legal,partida_88.pgn,white,0,281.6585365853659,43.0,2022260.7126710291,9264.0,146.0,0.36585365853658536,0.36585365853658536,0.6585365853658537,0.7804878048780488,3.0,29.0,57.53846153846154,694.8666666666667,105052.29506246283,-0.3996064991580437,0.9870432051258851,6.0,2.51031651885844
legal,partida_88.pgn,black,0,82.8,22.0,15739.310000000001,578.0,260.2,0.275,0.25,0.575,0.75,2.0,24.692307692307693,47.53846153846154,169.5,2466821.9099999997,31.665739860140647,-5.6648656411214136,6.0,1.2056268287037444
legal,partida_89.pgn,white,0,63.88095238095238,22.5,11251.057256235827,584.0,162.39999999999998,0.3333333333333333,0.3333333333333333,0.6428571428571429,0.7619047619047619,2.0,34.214285714285715,72.57142857142857,84.85714285714286,86994.42006802723,-1.3759889960531333,0.14317307624854453,5.0,2.7889831103416323
legal,partida_89.pgn,black,0,77.21428571428571,9.0,28191.12074829932,784.0,132.39999999999998,0.42857142857142855,0.42857142857142855,0.6904761904761905,0.8095238095238095,5.0,16.642857142857142,79.14285714285714,135.85714285714286,88912.52664399093,-1.5905863976859222,-0.022601738867013495,4.0,2.714188090518593
legal,partida_9.pgn,white,0,114.08108108108108,57.0,21968.506939371804,536.0,319.0,0.32432432432432434,0.32432432432432434,0.5135135135135135,0.6486486486486487,4.0,113.08333333333333,82.16666666666667,144.46153846153845,5084867.072315559,12.989742422453853,3.8286553373744003,11.0,1.2483544316481452
legal,partida_9.pgn,black,0,632.7777777777778,56.5,4607255.4506172845,9619.0,427.5,0.2222222222222222,0.19444444444444445,0.5,0.6388888888888888,2.0,107.58333333333333,97.91666666666667,1692.8333333333333,7394752.413580244,6.926632946446922,-2.969164631967883,6.0,1.291312190043156
legal,partida_90.pgn,white,0,62.03125,33.5,10861.1552734375,600.0,131.60000000000002,0.28125,0.265625,0.578125,0.6875,4.0,35.142857142857146,69.52380952380952,80.54545454545455,147437.89624023438,0.06492208601449434,-0.9908551819074093,5.0,2.893954596555376
legal,partida_90.pgn,black,0,41.296875,12.5,4525.021240234375,335.0,101.70000000000003,0.375,0.359375,0.703125,0.828125,5.0,52.095238095238095,45.76190476190476,26.727272727272727,142156.10522460938,0.04706744932677198,0.9391226914622204,5.0,2.8273083513693487
legal,partida_91.pgn,white,0,60.625,38.0,5108.234375,245.0,143.1,0.3333333333333333,0.3333333333333333,0.4583333333333333,0.5416666666666666,2.0,21.625,66.75,93.5,54068.859375,-0.4417244263032152,-1.013169394884386,1.0,2.36173836677077
legal,partida_91.pgn,black,0,86.21739130434783,53.0,11962.257088846882,401.0,185.20000000000002,0.2608695652173913,0.2608695652173913,0.43478260869565216,0.5217391304347826,2.0,89.71428571428571,74.42857142857143,92.66666666666667,50349.93194706994,0.2423212976707818,1.3294216261866136,1.0,2.160129810836369
legal,partida_92.pgn,white,0,37.0,5.5,5216.714285714285,363.0,78.10000000000004,0.42857142857142855,0.42857142857142855,0.7857142857142857,0.8571428571428571,2.0,13.555555555555555,36.0,59.0,13744864.330357144,0.8012929500369799,1.6686991211788706,0.0,1.1892881679862324
legal,partida_92.pgn,black,0,723.8888888888889,19.0,5681050.8395061735,9204.0,227.00000000000034,0.37037037037037035,0.37037037037037035,0.6296296296296297,0.6666666666666666,3.0,54.666666666666664,37.77777777777778,2079.222222222222,16166559.122085048,-0.21982312899703116,-1.331182706300326,0.0,1.0465616513448108
legal,partida_93.pgn,white,0,64.62857142857143,35.0,15818.347755102044,617.0,125.80000000000007,0.34285714285714286,0.34285714285714286,0.6,0.7428571428571429,2.0,55.81818181818182,39.90909090909091,93.0,3035440.2971428568,29.22447427410757,5.550883960137177,4.0,0.6236633064750117
legal,partida_93.pgn,black,0,367.1764705882353,47.5,2974369.8512110724,10248.0,107.6,0.29411764705882354,0.29411764705882354,0.5588235294117647,0.7058823529411765,5.0,16.818181818181817,52.09090909090909,977.1666666666666,3107790.1038062284,27.8823530077155,-5.414221783614001,4.0,0.7186820892065495
legal,partida_94.pgn,white,0,51.78260869565217,4.0,20642.691871455583,956.0,107.0,0.45652173913043476,0.41304347826086957,0.6086956521739131,0.717391304347826,3.0,11.2,47.733333333333334,93.625,66712.01559546313,-0.032763552532154794,-0.05582786749808907,9.0,2.6355652492108974
legal,partida_94.pgn,black,0,47.41304347826087,14.5,4848.198960302457,322.0,144.5,0.2826086956521739,0.2826086956521739,0.6086956521739131,0.7608695652173914,3.0,11.6,63.0,66.375,77963.02835538752,-0.17792055157062414,0.064159348700049,8.0,2.3686044179387045
legal,partida_95.pgn,white,0,72.65625,34.0,7749.6005859375,322.0,213.40000000000003,0.28125,0.28125,0.59375,0.6875,3.0,33.9,77.0,101.33333333333333,40656.4208984375,-0.9206570071554978,-0.6169905758316243,4.0,2.896821003901841
legal,partida_95.pgn,black,0,51.71875,18.0,6139.9521484375,372.0,126.4,0.4375,0.4375,0.6875,0.84375,5.0,38.9,45.7,67.41666666666667,32554.7568359375,0.23848775631268904,0.8743572599082778,4.0,2.810177606331848
legal,partida_96.pgn,white,0,5.25,0.0,144.85416666666666,42.0,15.700000000000005,0.75,0.75,1.0,1.0,8.0,0.0,0.0,15.75,83021.47222222223,-0.9444541556375996,0.42252153401808884,0.0,1.5832584594204766
legal,partida_96.pgn,black,0,84.45454545454545,12.0,12309.702479338845,335.0,257.0,0.2727272727272727,0.2727272727272727,0.6363636363636364,0.6363636363636364,1.0,3.0,121.33333333333333,111.2,81123.63636363637,-0.9902703864896978,-0.32562741845181375,0.0,1.6417347121875216
legal,partida_97.pgn,white,0,21.0,15.5,501.5,53.0,46.400000000000006,0.5,0.5,0.5,0.5,1.0,53.0,0.0,15.5,29122.1875,-0.6727137618436809,1.1470742788229809,1.0,0.5623351446188083
legal,partida_97.pgn,black,0,155.33333333333334,47.0,35128.22222222222,419.0,344.6,0.3333333333333333,0.3333333333333333,0.3333333333333333,0.3333333333333333,1.0,47.0,0.0,419.0,28523.55555555556,0.0,-0.7023500160386383,2.0,0.6365141682948128
legal,partida_98.pgn,white,0,65.9090909090909,55.0,4129.537190082644,184.0,178.0,0.09090909090909091,0.09090909090909091,0.36363636363636365,0.45454545454545453,1.0,28.666666666666668,62.0,90.6,8479746.446280992,6.070871164640055,2.837352619890987,3.0,0.304636097349238
legal,partida_98.pgn,black,0,1075.0,46.5,9330360.6,10238.0,1143.4999999999964,0.0,0.0,0.2,0.5,0.0,25.333333333333332,41.333333333333336,2637.5,9114727.360000001,5.097475490499399,-2.6622485619251073,3.0,0.3250829733914482
legal,partida_99.pgn,white,0,72.27272727272727,25.0,12064.198347107438,382.0,146.0,0.18181818181818182,0.18181818181818182,0.5454545454545454,0.7272727272727273,2.0,11.666666666666666,32.333333333333336,132.6,8982.743801652892,-0.18187760271932607,0.407155998424083,3.0,1.8462202193216333
legal,partida_99.pgn,black,0,58.4,12.5,14621.640000000003,414.0,109.79999999999988,0.4,0.3,0.7,0.8,1.0,17.0,25.333333333333332,114.25,14124.49,-0.24919460156068673,-0.24378428280696576,4.0,1.6957425341696353
cheat,110.pgn,white,0,362.2142857142857,12.0,2807272.525510203,9058.0,96.30000000000001,0.21428571428571427,0.17857142857142858,0.5714285714285714,0.7142857142857143,2.0,14.11111111111111,70.44444444444444,938.1,9069872.401785715,4.341107134474688,-2.502090617928377,3.0,0.9529371001252029
cheat,110.pgn,black,1,5.428571428571429,0.0,120.03061224489797,41.0,16.300000000000015,0.5714285714285714,0.5714285714285714,0.8928571428571429,0.9285714285714286,6.0,4.555555555555555,1.3333333333333333,9.9,6302499.74872449,8.710622849368605,3.238906850256638,1.0,1.140813513543991
cheat,111.pgn,white,1,18.0,1.0,714.56,104.0,42.0,0.48,0.48,0.76,0.84,4.0,36.875,7.625,10.444444444444445,100170.24,-1.5284028808255086,0.10947455858152569,4.0,2.5879763802248665
cheat,111.pgn,black,0,59.541666666666664,45.0,3515.664930555556,230.0,120.0,0.16666666666666666,0.16666666666666666,0.4166666666666667,0.625,1.0,58.375,75.25,45.0,89560.0,-1.5022137538546347,-0.1525375272660616,2.0,2.397698625827242
cheat,112.pgn,white,0,442.69565217391306,11.0,3590677.689981096,9326.0,115.40000000000002,0.30434782608695654,0.30434782608695654,0.6086956521739131,0.6956521739130435,1.0,12.285714285714286,39.142857142857146,1091.3333333333333,11006978.366729679,2.7733727745974432,-2.177274177144594,1.0,0.7547854950176569
cheat,112.pgn,black,1,5.565217391304348,0.0,140.4196597353497,49.0,21.60000000000001,0.7391304347826086,0.7391304347826086,0.9130434782608695,1.0,5.0,10.714285714285714,2.857142857142857,3.6666666666666665,11006824.071833646,2.770597826680965,2.176122666942143,1.0,0.8223449173934805
cheat,113.pgn,white,1,355.88,0.0,2829629.1456,8596.0,62.2,0.64,0.48,0.72,0.72,4.0,13.625,24.0,955.1111111111111,12371088.8,1.337501451761665,1.8021959860424623,0.0,1.344176337483877
cheat,113.pgn,black,0,64.04166666666667,4.5,11214.45659722222,475.0,139.9,0.4583333333333333,0.375,0.5416666666666666,0.7083333333333334,3.0,39.5,103.625,49.0,9972256.623263888,2.9312212680638634,-2.185098689018835,2.0,1.3862943611198904
cheat,116.pgn,white,0,363.89285714285717,19.5,2852349.381377551,9137.0,109.9,0.14285714285714285,0.14285714285714285,0.4642857142857143,0.6785714285714286,1.0,9.222222222222221,57.888888888888886,958.5,6330900.193877551,8.84754084667926,-3.2722372599649705,2.0,1.054720916906812
cheat,116.pgn,black,1,8.25,0.0,244.04464285714286,53.0,36.2,0.6071428571428571,0.6071428571428571,0.8571428571428571,0.9285714285714286,4.0,6.333333333333333,8.222222222222221,10.0,6329792.820153062,8.834020818793105,3.2690830473282126,1.0,1.0265407025115378
cheat,p10.pgn,white,0,444.04347826086956,29.0,3349772.1285444233,9020.0,149.00000000000003,0.21739130434782608,0.21739130434782608,0.6521739130434783,0.782608695652174,2.0,13.142857142857142,99.85714285714286,1046.888888888889,3864730.4990548207,16.743780456120607,-4.242744988074223,1.0,1.1553465425096348
cheat,p10.pgn,black,1,400.7391304347826,0.0,3318995.1493383744,8945.0,60.00000000000002,0.6521739130434783,0.6521739130434783,0.8695652173913043,0.8695652173913043,4.0,1.8571428571428572,6.285714285714286,1017.7777777777778,136838.08317580345,-1.3542161837641482,-0.5307181263538285,1.0,2.2461630270940383
cheat,p100.pgn,white,0,304.3235294117647,9.0,2476872.983564015,9341.0,119.19999999999996,0.38235294117647056,0.35294117647058826,0.6176470588235294,0.7352941176470589,4.0,17.90909090909091,45.09090909090909,804.5,9963057.962802768,3.562999673242011,-2.347458684989635,1.0,1.1545156084796668
cheat,p100.pgn,black,1,10.852941176470589,1.0,246.772491349481,54.0,30.0,0.5,0.4411764705882353,0.8529411764705882,0.9117647058823529,3.0,14.818181818181818,11.363636363636363,6.75,9967122.830449829,3.5618044349940607,2.3469612542540164,1.0,1.1957596513170956
cheat,p101.pgn,white,0,41.833333333333336,25.0,1702.361111111111,117.0,102.80000000000001,0.16666666666666666,0.1111111111111111,0.4444444444444444,0.6111111111111112,1.0,12.833333333333334,46.166666666666664,66.5,37070.333333333336,-1.018171675757622,-0.7166692577196121,1.0,1.8498981518685602
cheat,p101.pgn,black,1,11.5,4.0,227.02777777777777,56.0,29.000000000000007,0.3888888888888889,0.3888888888888889,0.8333333333333334,0.9444444444444444,2.0,11.833333333333334,9.666666666666666,13.0,37529.805555555555,-1.02237079365408,0.7119993988294376,1.0,1.9795962153613327
cheat,p102.pgn,white,0,55.95,13.5,8587.7475,408.0,133.1,0.3,0.25,0.6,0.6,3.0,10.5,152.33333333333334,17.75,120898.54750000002,-1.5833122834272737,0.44159779425245715,1.0,1.834371970281624
cheat,p102.pgn,black,1,15.7,1.0,418.80999999999995,71.0,37.10000000000003,0.45,0.3,0.75,0.85,3.0,6.833333333333333,5.666666666666667,29.875,124827.68999999999,-1.6104859703706431,-0.45044308142715395,1.0,1.851361873961163
cheat,p103.pgn,white,0,321.72727272727275,18.0,2231923.834710744,8758.0,182.00000000000006,0.24242424242424243,0.24242424242424243,0.6666666666666666,0.7878787878787878,2.0,84.0,26.818181818181817,854.3636363636364,5241817.774104683,11.130726339037084,-3.5865884053236163,1.0,1.3066908719368158
cheat,p103.pgn,black,1,20.545454545454547,0.0,1495.3994490358125,172.0,59.2,0.5151515151515151,0.48484848484848486,0.7272727272727273,0.8484848484848485,6.0,23.727272727272727,11.0,26.90909090909091,5257434.089990816,11.142958021457854,3.588953019496404,3.0,1.12626066020614
cheat,p104.pgn,white,1,12.764705882352942,0.0,341.6505190311418,73.0,32.4,0.5294117647058824,0.5294117647058824,0.7941176470588235,0.9117647058823529,5.0,21.545454545454547,13.545454545454545,4.0,5252488.78633218,11.761432408795164,3.685579886155299,6.0,1.1711693710435183
cheat,p104.pgn,black,0,311.7878787878788,12.0,2531751.1368227736,9310.0,71.0,0.24242424242424243,0.21212121212121213,0.48484848484848486,0.6363636363636364,5.0,33.81818181818182,16.727272727272727,884.8181818181819,5383318.045913683,11.314891959433979,-3.628522772391893,2.0,0.9743298099299091
cheat,p105.pgn,white,0,484.76190476190476,15.0,3894528.4671201827,9303.0,86.0,0.23809523809523808,0.23809523809523808,0.5238095238095238,0.6666666666666666,2.0,15.714285714285714,74.42857142857143,1364.142857142857,11561578.244897962,2.11933917605839,-2.0193498880225063,1.0,0.9556998911125338
cheat,p105.pgn,black,1,14.0,0.0,415.42857142857144,71.0,47.0,0.5238095238095238,0.47619047619047616,0.7142857142857143,0.9523809523809523,4.0,9.428571428571429,28.0,4.571428571428571,11565058.807256237,2.11889960712839,2.0191355689845296,1.0,0.9556998911125345
cheat,p106.pgn,white,1,9.628571428571428,0.0,370.63346938775504,87.0,28.400000000000006,0.6285714285714286,0.6285714285714286,0.8571428571428571,0.9428571428571428,5.0,11.818181818181818,10.636363636363637,6.923076923076923,7431628.5681632655,6.629834876350197,2.9233278606174435,0.0,1.010803568128765
cheat,p106.pgn,black,0,26.470588235294116,1.5,3046.8961937716263,264.0,51.8,0.5,0.4411764705882353,0.6470588235294118,0.8235294117647058,4.0,18.181818181818183,26.727272727272727,33.833333333333336,5249935.021626297,11.743187623180093,-3.682288605820701,0.0,1.0375911080918452
cheat,p107.pgn,white,1,7.166666666666667,0.0,193.80555555555557,51.0,27.100000000000005,0.6111111111111112,0.5555555555555556,0.8888888888888888,0.8888888888888888,6.0,6.833333333333333,14.666666666666666,0.0,50450.97839506172,0.6567694867851537,1.4302481466996273,0.0,1.95052687404108
cheat,p107.pgn,black,0,55.23529411764706,33.0,4016.0622837370242,244.0,120.2,0.23529411764705882,0.23529411764705882,0.5294117647058824,0.5882352941176471,2.0,23.6,16.4,105.57142857142857,46136.089965397914,0.1286695503569364,-1.2292993906440686,0.0,1.7565367399084864
cheat,p108.pgn,white,0,582.1666666666666,65.5,4398795.805555556,9222.0,247.40000000000015,0.2777777777777778,0.2222222222222222,0.5555555555555556,0.6666666666666666,1.0,37.0,85.33333333333333,1624.1666666666667,4982054.0,12.576478820188937,-3.781599377731989,3.0,0.6546695645285018
cheat,p108.pgn,black,1,7.111111111111111,0.0,192.09876543209873,42.0,31.20000000000001,0.7222222222222222,0.6666666666666666,0.8333333333333334,0.9444444444444444,8.0,3.0,6.833333333333333,11.5,4983109.222222223,12.590464132702147,3.7840907249318465,3.0,0.654669564528501
cheat,p109.pgn,white,1,24.73913043478261,0.0,1130.1058601134216,115.0,71.80000000000001,0.5217391304347826,0.5217391304347826,0.6956521739130435,0.8695652173913043,3.0,26.0,18.571428571428573,28.555555555555557,3700926.3364839326,17.517795812874716,4.3808034854766476,2.0,0.7529168087825955
cheat,p109.pgn,black,0,483.40909090909093,50.5,3451000.4235537197,8976.0,190.00000000000006,0.3181818181818182,0.3181818181818182,0.6363636363636364,0.7727272727272727,1.0,113.42857142857143,53.42857142857143,1183.375,3819043.1570247933,16.792715307836083,-4.31666851753815,0.0,0.3676494774001421
cheat,p11.pgn,white,1,5.0476190476190474,0.0,92.99773242630383,34.0,19.0,0.6666666666666666,0.6666666666666666,0.9523809523809523,0.9523809523809523,5.0,4.571428571428571,9.857142857142858,0.7142857142857143,4351289.170068027,15.706362623791676,4.185455283708509,0.0,0.6680178186607535
cheat,p11.pgn,black,0,491.4,21.0,4015003.0400000005,9224.0,112.50000000000006,0.25,0.25,0.6,0.75,2.0,23.166666666666668,30.666666666666668,1188.125,4554185.347499999,14.806691320514062,-4.082802414240991,0.0,0.6128694524619489
cheat,p114.pgn,white,0,61.03125,35.5,6116.3427734375,329.0,137.40000000000006,0.15625,0.125,0.46875,0.625,3.0,21.2,109.7,53.666666666666664,8040633.33984375,5.434818365146366,-2.6865062568487725,3.0,1.2718338296713947
cheat,p114.pgn,black,1,25.03125,6.5,994.2177734375,112.0,67.30000000000001,0.4375,0.4375,0.59375,0.6875,5.0,14.8,23.8,34.583333333333336,8077640.3662109375,5.437584238886288,2.687251738784002,5.0,1.2135670992715646
cheat,p115.pgn,white,1,13.435897435897436,0.0,664.5535831689677,110.0,47.400000000000006,0.5641025641025641,0.48717948717948717,0.8205128205128205,0.8461538461538461,8.0,7.076923076923077,6.230769230769231,27.0,6590992.031558185,7.813011288981738,3.105370436201092,0.0,1.2466043168751224
cheat,p115.pgn,black,0,270.2631578947368,9.0,2111728.1412742375,9105.0,82.70000000000007,0.4473684210526316,0.39473684210526316,0.7105263157894737,0.8157894736842105,3.0,19.25,32.833333333333336,688.9285714285714,10568329.288781162,2.6777414926737224,-2.1491814538957876,0.0,1.3042661170192038
cheat,p117.pgn,white,1,11.363636363636363,0.0,537.6859504132234,88.0,43.50000000000006,0.6818181818181818,0.6363636363636364,0.7727272727272727,0.8636363636363636,7.0,24.714285714285715,11.0,0.0,7983969.944214877,6.007394238102256,2.8191112843825197,4.0,0.7595473914748634
cheat,p117.pgn,black,0,60.61904761904762,27.0,5589.569160997733,234.0,183.0,0.2857142857142857,0.23809523809523808,0.42857142857142855,0.5714285714285714,2.0,32.142857142857146,36.42857142857143,113.28571428571429,4386138.916099773,15.353769106688041,-4.12259058341319,2.0,0.8461447967228167
cheat,p118.pgn,white,0,468.95454545454544,40.0,3300078.3161157025,8782.0,240.60000000000014,0.3181818181818182,0.22727272727272727,0.5,0.5909090909090909,2.0,129.42857142857142,59.0,1124.75,10122536.157024793,2.3634840766508622,-2.0604525771818696,1.0,1.1839637727244874
cheat,p118.pgn,black,1,14.409090909090908,0.0,875.24173553719,108.0,62.10000000000002,0.6818181818181818,0.5,0.7272727272727273,0.7272727272727273,6.0,2.0,16.857142857142858,23.125,10149274.299586779,2.366304562938063,2.0617742488505777,1.0,1.1839637727244876
cheat,p119.pgn,white,1,12.916666666666666,1.5,407.2430555555556,70.0,43.89999999999999,0.5,0.4583333333333333,0.75,0.7916666666666666,4.0,14.375,8.5,15.875,3788904.6510416665,18.212558023705594,4.445383173041789,1.0,0.7621042220469586
cheat,p119.pgn,black,0,438.2608695652174,28.0,3491640.1058601127,9199.0,110.40000000000003,0.30434782608695654,0.30434782608695654,0.4782608695652174,0.6956521739130435,2.0,37.857142857142854,28.428571428571427,1068.4444444444443,3929251.7353497166,17.34975571489192,-4.355415057448807,0.0,0.7393213302245919
cheat,p12.pgn,white,0,645.0625,35.0,5076804.30859375,9367.0,187.5,0.375,0.3125,0.6875,0.75,1.0,14.4,130.2,1599.6666666666667,10367637.27734375,3.080655297184279,-2.2429848830594095,3.0,0.7356219397587946
cheat,p12.pgn,black,1,9.5625,0.0,494.99609375,90.0,24.0,0.6875,0.6875,0.875,1.0,7.0,1.4,18.0,9.333333333333334,10384410.80859375,3.0882775488531546,2.246054333407782,1.0,0.7356219397587946
cheat,p120.pgn,white,0,337.61290322580646,30.0,2554801.3340270547,9088.0,116.0,0.3225806451612903,0.3225806451612903,0.5483870967741935,0.6774193548387096,3.0,48.8,59.9,852.6363636363636,8122908.576482831,5.24582635868288,-2.6667103085942974,1.0,1.2946353709330805
cheat,p120.pgn,black,1,15.258064516129032,0.0,943.417273673257,150.0,32.0,0.5806451612903226,0.5806451612903226,0.8387096774193549,0.8387096774193549,7.0,22.5,8.1,15.181818181818182,8139895.411030177,5.235180885943876,2.663212283324392,1.0,1.5101885078750816
cheat,p121.pgn,white,1,9.028571428571428,2.0,240.48489795918363,68.0,25.60000000000001,0.4857142857142857,0.4857142857142857,0.8,0.8571428571428571,4.0,10.454545454545455,4.818181818181818,11.384615384615385,5219879.45632653,11.990241986006474,3.698714731443169,2.0,1.0669186805139734
cheat,p121.pgn,black,0,308.79411764705884,16.0,2332263.0458477507,9074.0,147.89999999999995,0.23529411764705882,0.23529411764705882,0.47058823529411764,0.5882352941176471,2.0,11.454545454545455,32.45454545454545,834.6666666666666,5345627.709342561,11.499322478998877,-3.632073446293366,4.0,1.1111090797838796
cheat,p122.pgn,white,0,283.43243243243245,30.0,2127607.2724616514,9030.0,105.19999999999996,0.32432432432432434,0.32432432432432434,0.6486486486486487,0.7837837837837838,4.0,54.416666666666664,24.333333333333332,734.0,2478909.867056245,29.55031704228724,-5.500894622563437,1.0,1.1909160357458985
cheat,p122.pgn,black,1,18.594594594594593,0.0,1570.565376186998,184.0,73.99999999999999,0.6756756756756757,0.6486486486486487,0.8378378378378378,0.8648648648648649,13.0,26.75,15.083333333333334,14.307692307692308,2490473.412710007,29.380472561254784,5.47732496010323,4.0,1.4077847656511535
cheat,p123.pgn,white,1,10.645833333333334,0.0,375.06206597222223,94.0,31.800000000000026,0.5625,0.5625,0.8333333333333334,0.9166666666666666,5.0,9.625,7.5,14.8125,5537163.456597223,10.696368224830916,3.532834588453014,2.0,1.2147304431784438
cheat,p123.pgn,black,0,28.19148936170213,11.0,1458.2824807605248,152.0,78.39999999999998,0.3191489361702128,0.2978723404255319,0.5957446808510638,0.8297872340425532,4.0,13.666666666666666,32.4,37.294117647058826,7330053.602535086,6.667090711463079,-2.924984444731199,2.0,1.196956104141418
cheat,p124.pgn,white,0,319.625,4.0,2487604.546875,9093.0,171.90000000000012,0.46875,0.46875,0.75,0.84375,4.0,3.7,15.2,836.5833333333334,5765063.5927734375,10.764841439584163,-3.549533815366565,3.0,0.9613676168506295
cheat,p124.pgn,black,1,9.3125,0.0,670.90234375,137.0,19.60000000000001,0.59375,0.5,0.84375,0.90625,4.0,2.3,4.1,19.5,5765857.2724609375,10.766596515314726,3.5499244261417044,1.0,0.9180459180656307
cheat,p125.pgn,white,1,224.26829268292684,0.0,1824318.3426531819,8766.0,27.0,0.5365853658536586,0.5121951219512195,0.8536585365853658,0.8780487804878049,6.0,5.769230769230769,8.153846153846153,600.9333333333333,6341184.43307555,8.260315924767458,3.1578049453877455,2.0,1.341042949518595
cheat,p125.pgn,black,0,488.025,9.0,3965543.7243750007,9181.0,136.10000000000002,0.25,0.25,0.7,0.825,2.0,23.0,43.0,1333.0714285714287,8363497.797499999,4.88134580388006,-2.5935679772797955,2.0,1.4319618084560128
cheat,p13.pgn,white,1,20.95,0.0,2475.1475,198.0,66.20000000000009,0.7,0.7,0.9,0.9,6.0,2.3333333333333335,11.0,42.375,8206681.927499999,4.982159920123314,2.6244750740406078,0.0,0.9265066032895333
cheat,p13.pgn,black,0,524.8947368421053,28.0,4113036.304709142,9123.0,143.99999999999983,0.42105263157894735,0.42105263157894735,0.631578947368421,0.6842105263157895,3.0,86.33333333333333,33.833333333333336,1321.7142857142858,8516509.085872578,4.515929830033825,-2.537442268892739,0.0,0.9174021803627407
cheat,p14.pgn,white,0,33.32,13.0,2001.7376000000004,150.0,105.80000000000001,0.36,0.36,0.64,0.84,2.0,33.75,39.75,27.22222222222222,47845.51359999999,-1.4033821263081245,0.2114802476477291,3.0,2.622498228919081
cheat,p14.pgn,black,1,8.958333333333334,0.0,494.6232638888889,103.0,21.899999999999995,0.6666666666666666,0.625,0.8333333333333334,0.875,6.0,5.25,0.625,21.0,49032.222222222226,-1.5017014383028802,-0.22821957971580845,1.0,2.221527602810508
cheat,p15.pgn,white,1,8.32,0.0,220.21759999999998,53.0,24.400000000000006,0.52,0.52,0.88,0.96,4.0,9.125,9.375,6.666666666666667,36750.7296,-0.38778730989221577,0.8471906631902626,0.0,2.469734828528326
cheat,p15.pgn,black,0,30.958333333333332,12.0,2069.706597222222,191.0,60.7,0.125,0.125,0.5416666666666666,0.6666666666666666,2.0,21.375,38.125,33.375,31948.32638888889,-0.4929488865430578,-0.7905818135036844,0.0,2.185567343754035
cheat,p16.pgn,white,0,26.52777777777778,0.0,4744.638117283952,383.0,63.5,0.5277777777777778,0.5277777777777778,0.8333333333333334,0.8611111111111112,4.0,2.75,47.916666666666664,28.916666666666668,11334098.061728396,2.2617839131771174,-2.044764667240532,1.0,1.3816669557393384
cheat,p16.pgn,black,1,15.628571428571428,0.0,2168.9763265306124,258.0,39.200000000000045,0.7142857142857143,0.7142857142857143,0.8571428571428571,0.9714285714285714,6.0,2.5454545454545454,6.909090909090909,34.07692307692308,7446220.57632653,6.441234262609804,2.8701984434154846,5.0,1.1389143363916898
cheat,p17.pgn,white,1,16.96,4.0,509.95840000000004,91.0,41.80000000000001,0.44,0.4,0.88,0.96,6.0,16.0,16.375,18.333333333333332,6998349.801600001,7.382031064804865,3.0414255907755563,3.0,0.9155949384938821
cheat,p17.pgn,black,0,59.625,22.5,8918.151041666666,354.0,163.29999999999993,0.2916666666666667,0.2916666666666667,0.5416666666666666,0.7083333333333334,2.0,15.75,85.125,78.0,7220986.081597221,6.87141516092729,-2.9547000592266266,4.0,1.1437083894262499
cheat,p18.pgn,white,0,43.421052631578945,17.0,4656.664819944598,281.0,115.39999999999998,0.2631578947368421,0.2631578947368421,0.5789473684210527,0.631578947368421,2.0,13.833333333333334,21.833333333333332,87.28571428571429,21990.448753462602,6.424861085717117,-2.613609655484814,3.0,1.8509384343524813
cheat,p18.pgn,black,1,14.277777777777779,2.0,860.9783950617284,126.0,31.50000000000001,0.3888888888888889,0.3888888888888889,0.7777777777777778,0.9444444444444444,2.0,2.8333333333333335,28.833333333333332,11.166666666666666,6170.617283950616,4.278239867412653,2.119393029615771,3.0,1.8121428103584718
cheat,p19.pgn,white,0,1008.6,57.0,8229514.239999999,9614.0,1063.0999999999967,0.1,0.1,0.4,0.4,1.0,11.0,45.666666666666664,2479.0,8852104.44,5.081960143357243,-2.657409653074826,1.0,0.3250829733914483
cheat,p19.pgn,black,1,3.3,0.0,98.00999999999998,33.0,3.2999999999999883,0.9,0.9,0.9,0.9,9.0,11.0,0.0,0.0,8849989.25,5.072019734753354,2.654318650759434,1.0,0.3250829733914483
cheat,p2.pgn,white,1,10.4375,0.0,492.49609375,67.0,48.5,0.75,0.6875,0.875,0.875,6.0,0.0,0.6,27.333333333333332,9800553.40234375,3.0350830103189503,2.2243892521476054,0.0,0.9743147528693494
cheat,p2.pgn,black,0,71.2,57.0,7078.6933333333345,276.0,191.99999999999997,0.3333333333333333,0.26666666666666666,0.4,0.6666666666666666,2.0,98.6,89.6,25.4,5532916.915555554,9.642318401762765,-3.3723239386712245,0.0,0.8918673953172509
cheat,p20.pgn,white,0,19.8875,3.0,1087.17484375,173.0,61.0,0.475,0.4625,0.725,0.9125,11.0,7.653846153846154,34.38461538461539,17.785714285714285,3455633.8935937495,20.90566523573771,-4.739909321164102,9.0,0.9581796336339519
cheat,p20.pgn,black,1,13.275,0.0,684.4243749999999,125.0,53.0,0.575,0.525,0.8375,0.925,8.0,3.923076923076923,13.153846153846153,22.071428571428573,4535065.8423437495,14.622613683288417,4.046648129345818,5.0,1.0095214726379411
cheat,p21.pgn,white,0,171.0,0.0,1226265.7575757576,9059.0,93.5,0.5909090909090909,0.5606060606060606,0.8181818181818182,0.8787878787878788,6.0,23.545454545454547,41.5,447.95454545454544,9764906.878099171,3.2760527818933127,-2.2790207473329858,1.0,1.5065595792594977
cheat,p21.pgn,black,1,285.59090909090907,0.0,2249202.393250688,8820.0,85.5,0.5454545454545454,0.45454545454545453,0.7424242424242424,0.8636363636363636,4.0,13.727272727272727,21.954545454545453,821.0909090909091,11838439.062442608,1.7289716382280709,1.919793447595341,1.0,1.4380471117032132
cheat,p22.pgn,white,1,23.7875,0.0,2910.1173437499997,271.0,50.400000000000034,0.525,0.5,0.775,0.85,7.0,28.307692307692307,26.23076923076923,17.321428571428573,4562437.2943750005,14.671170772759066,4.056642741176141,4.0,1.0149136533414933
cheat,p22.pgn,black,0,25.59493670886076,2.0,2147.3802275276394,208.0,79.60000000000002,0.46835443037974683,0.45569620253164556,0.7848101265822784,0.9240506329113924,4.0,19.576923076923077,47.42307692307692,10.37037037037037,3503844.3746194514,20.710114221514154,-4.727588972908626,4.0,1.051284943657258
cheat,p23.pgn,white,1,17.18,0.0,1194.2276,162.0,35.30000000000003,0.54,0.52,0.86,0.94,4.0,13.375,30.125,9.055555555555555,7122152.449599998,7.4413205634932975,3.058315268907013,0.0,0.9290448437386303
cheat,p23.pgn,black,0,30.775510204081634,6.0,2462.3373594335694,211.0,111.2,0.3877551020408163,0.3673469387755102,0.7346938775510204,0.8367346938775511,3.0,6.125,41.5,43.88235294117647,5547625.65514369,11.120395375961149,-3.600382399799865,0.0,0.9250283699295633
cheat,p24.pgn,white,0,406.6923076923077,34.0,3180210.2899408275,9319.0,145.5,0.23076923076923078,0.23076923076923078,0.5384615384615384,0.6923076923076923,2.0,27.75,63.375,984.5,6640285.847633135,7.892220485704087,-3.1251441909480597,1.0,0.88186313134152
cheat,p24.pgn,black,1,19.23076923076923,0.0,1355.0236686390535,134.0,85.5,0.6538461538461539,0.6538461538461539,0.7692307692307693,0.8461538461538461,4.0,7.125,24.75,24.5,6646991.455621303,7.915064116141421,3.131169619722497,1.0,1.0231689160307322
cheat,p25.pgn,white,0,606.4705882352941,29.0,4672097.0726643605,9246.0,261.8,0.29411764705882354,0.29411764705882354,0.4117647058823529,0.47058823529411764,1.0,103.6,22.8,1382.5714285714287,5119378.761245674,11.785849287728581,-3.6900230603132758,1.0,0.7529746827658886
cheat,p25.pgn,black,1,13.0625,0.5,533.18359375,74.0,48.0,0.5,0.5,0.75,0.9375,4.0,5.8,28.4,6.333333333333333,52690.71484375,-0.5668058384902381,-0.47307821574770037,1.0,2.220025327834538
cheat,p26.pgn,white,1,5.2727272727272725,0.0,229.8347107438016,53.0,5.0,0.8181818181818182,0.8181818181818182,0.9090909090909091,1.0,7.0,1.6666666666666667,17.666666666666668,0.0,8116986.925619835,6.087633276048438,2.8424160482503766,0.0,0.30463609734923824
cheat,p26.pgn,black,0,989.9,18.0,8445505.09,9708.0,1025.6999999999966,0.4,0.4,0.5,0.8,1.0,7.0,35.666666666666664,2442.75,8838610.85,5.106082507955332,-2.6650562183826727,0.0,0.3250829733914482
cheat,p27.pgn,white,1,11.411764705882353,0.0,841.8892733564016,118.0,31.000000000000007,0.7058823529411765,0.6470588235294118,0.9411764705882353,0.9411764705882353,6.0,4.2,9.2,18.142857142857142,50146.96885813149,-0.5522295892085611,0.36638030121879306,0.0,2.150060224484235
cheat,p27.pgn,black,0,39.75,5.5,3864.9375,224.0,120.0,0.5,0.5,0.8125,0.875,5.0,56.0,0.0,59.333333333333336,38992.62109375,-0.8402353514722178,-0.030858757345633137,0.0,2.0467385326945515
cheat,p28.pgn,white,1,6.388888888888889,0.0,131.3487654320988,37.0,21.90000000000001,0.7222222222222222,0.7222222222222222,0.8888888888888888,1.0,12.0,19.166666666666668,0.0,0.0,5120507.691358026,12.743308045392222,3.8169428881744762,0.0,0.5566469035821068
cheat,p28.pgn,black,0,597.7647058823529,28.0,4670559.238754325,9237.0,210.8,0.29411764705882354,0.29411764705882354,0.5294117647058824,0.5882352941176471,1.0,16.6,10.6,1432.2857142857142,5382732.173010382,11.773760181428395,-3.6893425851194976,0.0,0.44375728426014843
cheat,p29.pgn,white,1,9.1875,0.0,516.27734375,85.0,28.0,0.6875,0.6875,0.9375,0.9375,4.0,1.2,9.6,15.5,5505028.46484375,10.821555851024932,3.5601285033808874,0.0,0.6019239717322894
cheat,p29.pgn,black,0,679.4,62.0,5234840.773333334,9236.0,204.99999999999997,0.3333333333333333,0.3333333333333333,0.6,0.6666666666666666,2.0,58.8,54.2,1925.2,5810764.382222222,9.865426539927297,-3.4263717104852875,0.0,0.48509409130221154
cheat,p3.pgn,white,0,75.1,22.5,8542.689999999999,249.0,238.2,0.2,0.2,0.3,0.7,1.0,29.0,93.66666666666667,95.75,8698648.639999999,5.03847515793084,-2.643665042313441,1.0,0.32508297339144865
cheat,p3.pgn,black,1,6.2,0.0,204.95999999999998,48.0,14.699999999999987,0.7,0.7,0.9,1.0,5.0,4.666666666666667,16.0,0.0,15589259.960000003,0.2431322857616709,1.4949797384284604,1.0,0.5004024235381879
cheat,p30.pgn,white,0,683.6,25.0,5427914.373333333,9393.0,285.3999999999999,0.4666666666666667,0.4666666666666667,0.6,0.6666666666666666,7.0,0.0,103.4,1947.4,6065430.266666667,9.73368236852799,-3.396260807675923,1.0,0.48509409130221165
cheat,p30.pgn,black,1,9.2,0.0,424.2933333333333,77.0,29.599999999999998,0.6666666666666666,0.5333333333333333,0.9333333333333333,1.0,2.0,5.6,0.2,21.8,6070761.048888889,9.787765427726557,3.4087251862489025,1.0,0.24493002679463505
cheat,p31.pgn,white,0,27.528301886792452,14.0,1336.5510857956572,151.0,82.4,0.39622641509433965,0.37735849056603776,0.7169811320754716,0.7735849056603774,3.0,25.235294117647058,37.76470588235294,20.42105263157895,6434445.31505874,8.096717535582668,-3.153689352500008,1.0,1.2597174231754433
cheat,p31.pgn,black,1,13.11320754716981,0.0,537.873976504094,111.0,46.60000000000001,0.5660377358490566,0.39622641509433965,0.660377358490566,0.7169811320754716,3.0,5.0588235294117645,26.823529411764707,8.052631578947368,10572063.354930582,2.666698176091126,2.1492400488103227,1.0,1.311361970151292
cheat,p32.pgn,white,1,10.956521739130435,0.0,489.2589792060491,91.0,38.800000000000004,0.6086956521739131,0.6086956521739131,0.9130434782608695,1.0,8.0,7.714285714285714,0.0,22.0,7438424.688090739,6.429522612098278,2.8847502976435027,0.0,1.144843387387387
cheat,p32.pgn,black,0,864.3181818181819,5.5,7033844.216942147,9426.0,129.00000000000003,0.45454545454545453,0.45454545454545453,0.7272727272727273,0.9090909090909091,2.0,25.285714285714285,26.571428571428573,2331.5,11045983.084710745,2.441753949465519,-2.097846864037778,0.0,0.9861234897117208
cheat,p33.pgn,white,0,778.7692307692307,18.0,6484859.408284023,9598.0,171.8,0.15384615384615385,0.15384615384615385,0.5384615384615384,0.6923076923076923,1.0,13.25,51.0,1973.4,6929707.1715976335,8.005135892081203,-3.1552214945015447,3.0,0.2711893730418441
cheat,p33.pgn,black,1,10.461538461538462,1.0,203.17159763313614,43.0,29.6,0.46153846153846156,0.46153846153846156,0.8461538461538461,0.9230769230769231,2.0,8.25,3.0,18.2,6932271.905325443,8.00079507295101,3.1541143493575743,3.0,0.271189373041844
cheat,p34.pgn,white,1,18.545454545454547,0.0,1124.9752066115705,89.0,86.0,0.7272727272727273,0.7272727272727273,0.9090909090909091,0.9090909090909091,3.0,28.666666666666668,9.666666666666666,17.8,14438267.537190082,0.7113964411114551,1.6430694906749397,2.0,0.47413931305783735
cheat,p34.pgn,black,0,1004.8,0.5,8203032.760000003,9592.0,1248.9999999999968,0.5,0.5,0.8,0.8,3.0,2.0,150.0,2398.0,15402982.36,0.2423352764733986,-1.4942454970851842,2.0,0.5004024235381875
cheat,p35.pgn,white,0,614.5483870967741,25.0,4838565.989594172,9039.0,115.0,0.3548387096774194,0.3548387096774194,0.5483870967741935,0.6774193548387096,2.0,13.8,58.9,1665.8181818181818,5720183.764828303,10.051459227674505,-3.4277989295677367,3.0,1.1814304904254842
cheat,p35.pgn,black,1,10.516129032258064,0.0,427.9271592091571,82.0,42.0,0.6129032258064516,0.5806451612903226,0.8387096774193549,0.9032258064516129,3.0,2.2,11.5,17.181818181818183,3014515.8501560874,23.673578628724634,4.948376504011688,1.0,1.226149663364836
cheat,p36.pgn,white,0,77.625,54.0,10312.234375,407.0,163.0,0.3125,0.25,0.5625,0.625,2.0,47.4,81.2,99.83333333333333,10059123.484375,3.01664385878329,-2.218617340806505,1.0,0.9002560512685369
cheat,p36.pgn,black,1,1.6875,0.0,26.96484375,21.0,3.0,0.875,0.875,1.0,1.0,7.0,4.2,0.0,1.0,14186311.484375,0.5429662615374151,1.5872377205801167,1.0,0.9214934308679616
cheat,p37.pgn,white,0,557.1111111111111,36.5,3983317.098765431,8775.0,308.70000000000005,0.3888888888888889,0.3888888888888889,0.3888888888888889,0.5555555555555556,3.0,38.5,105.5,1527.3333333333333,9164307.694444444,3.8515442263365225,-2.379342162986046,3.0,1.2235756541389557
cheat,p37.pgn,black,1,1042.6470588235295,0.0,7973123.051903115,8863.0,3509.600000000003,0.5294117647058824,0.47058823529411764,0.8235294117647058,0.8823529411764706,2.0,27.4,5.6,2508.5714285714284,254031.3564013841,-1.5725433394557407,0.3130265147596069,3.0,1.8905570113915662
cheat,p38.pgn,white,1,4.722222222222222,0.0,78.9783950617284,35.0,13.500000000000004,0.6666666666666666,0.6111111111111112,0.8888888888888888,1.0,6.0,11.833333333333334,2.3333333333333335,0.0,57518.98765432098,0.4389481677626459,0.9661967685762113,0.0,2.1681552360159673
cheat,p38.pgn,black,0,55.529411764705884,23.0,8969.425605536333,402.0,108.60000000000002,0.17647058823529413,0.17647058823529413,0.5294117647058824,0.7058823529411765,1.0,22.2,64.6,72.85714285714286,65447.737024221446,0.8408810656294166,-1.1773573356948488,0.0,1.8090102842668667
cheat,p39.pgn,white,1,18.344827586206897,0.0,1041.4673008323425,142.0,54.19999999999999,0.5517241379310345,0.5517241379310345,0.7931034482758621,0.896551724137931,8.0,4.111111111111111,16.666666666666668,31.363636363636363,60949.93816884661,-1.4400010847204845,-0.39694367430111993,2.0,2.7097674512937955
cheat,p39.pgn,black,0,39.57142857142857,12.0,3477.673469387755,285.0,83.80000000000001,0.2857142857142857,0.2857142857142857,0.5714285714285714,0.7142857142857143,2.0,23.333333333333332,56.22222222222222,39.2,63154.76530612244,-1.3397088319724042,0.5585077113730925,2.0,2.6016824622035055
cheat,p4.pgn,white,1,3.5384615384615383,0.0,150.24852071005913,46.0,0.0,0.9230769230769231,0.9230769230769231,1.0,1.0,7.0,0.0,11.5,0.0,12167163.159763314,1.644469907215944,1.9005362676031294,0.0,0.6870920273799718
cheat,p4.pgn,black,0,836.25,17.5,6679859.6875,9404.0,260.40000000000003,0.25,0.25,0.6666666666666666,0.6666666666666666,1.0,73.75,83.0,2352.0,17535998.520833332,-0.6698917901361008,-1.1505165866355238,0.0,0.5623351446188078
cheat,p40.pgn,white,1,14.214285714285714,0.0,1788.3112244897966,163.0,25.20000000000004,0.8571428571428571,0.8571428571428571,0.9285714285714286,0.9285714285714286,9.0,40.75,9.0,0.0,12239238.086734695,2.1385293940115,2.028660038864985,2.0,0.4101163182884091
cheat,p40.pgn,black,0,789.7692307692307,5.0,6360515.100591717,9521.0,255.40000000000003,0.46153846153846156,0.46153846153846156,0.6153846153846154,0.6923076923076923,5.0,9.75,55.75,2001.0,12972695.976331363,1.6579710370130414,-1.907185255827201,2.0,0.42932302193061567
cheat,p41.pgn,white,0,31.24,10.0,2915.6223999999997,263.0,68.0,0.36,0.36,0.68,0.84,3.0,49.25,26.5,19.444444444444443,29959.52,-1.034004313654781,0.7972557752081478,5.0,2.4352129798341116
cheat,p41.pgn,black,1,4.12,0.0,97.06560000000002,37.0,12.400000000000006,0.72,0.72,0.88,0.92,14.0,2.0,0.0,9.666666666666666,30881.414399999998,-1.0748174008484372,-0.7488772970248051,3.0,2.3661692824456844
cheat,p42.pgn,white,1,15.291666666666666,0.0,839.6232638888888,104.0,54.99999999999999,0.625,0.625,0.875,0.875,7.0,24.375,10.5,11.0,16028698.748263888,0.05611763088722865,1.4309040412423528,2.0,0.778132548171026
cheat,p42.pgn,black,0,444.95652173913044,4.0,3682477.0850661634,9441.0,155.60000000000002,0.43478260869565216,0.391304347826087,0.7391304347826086,0.7391304347826086,3.0,35.42857142857143,15.857142857142858,1097.2222222222222,16481962.4120983,-0.1282697814563769,-1.3651879070477217,0.0,0.7965853690105891
cheat,p43.pgn,white,0,14.62962962962963,1.0,1160.3072702331965,176.0,23.400000000000002,0.4074074074074074,0.4074074074074074,0.7037037037037037,0.8518518518518519,3.0,7.0,9.777777777777779,27.11111111111111,4317.99451303155,0.27216081313786855,-0.6088897861311343,3.0,2.7242558273934945
cheat,p43.pgn,black,1,5.592592592592593,0.0,150.31550068587106,49.0,19.0,0.6666666666666666,0.6296296296296297,0.8518518518518519,0.9259259259259259,6.0,11.222222222222221,0.1111111111111111,5.444444444444445,3882.2002743484227,0.39632843051010447,0.42877923165867055,1.0,2.258519725324675
cheat,p44.pgn,white,1,2.6470588235294117,0.0,46.581314878892734,27.0,7.0000000000000036,0.7647058823529411,0.7647058823529411,1.0,1.0,6.0,3.0,0.6,3.857142857142857,34797.65397923876,-1.027765574497176,0.6791836949235792,0.0,2.1659764953400495
cheat,p44.pgn,black,0,36.9375,16.0,3680.55859375,229.0,95.0,0.25,0.1875,0.75,0.875,1.0,8.2,22.4,73.0,37240.46484375,-1.1124451496240257,-0.6027716463597438,0.0,2.0140355237092673
cheat,p45.pgn,white,0,26.3265306122449,2.0,6457.321949187838,554.0,63.00000000000006,0.4897959183673469,0.46938775510204084,0.8775510204081632,0.9387755102040817,9.0,38.3125,22.875,18.294117647058822,61910.29654310703,-0.7531101969429197,0.558182514762471,1.0,2.9154793492940034
cheat,p45.pgn,black,1,23.73469387755102,0.0,4376.235735110371,430.0,47.00000000000004,0.5714285714285714,0.5102040816326531,0.7551020408163265,0.8367346938775511,6.0,24.3125,42.875,5.176470588235294,55738.04498125781,-0.6252780876763793,-0.5581345919095081,1.0,2.871352532067469
cheat,p46.pgn,white,1,10.15,0.0,279.92750000000007,52.0,35.80000000000001,0.7,0.7,0.8,1.0,7.0,15.333333333333334,7.166666666666667,8.5,4608685.2875,14.93898837251935,4.10789297340686,0.0,0.19851524334587256
cheat,p46.pgn,black,0,42.73684210526316,44.0,1848.6149584487532,132.0,97.19999999999999,0.3684210526315789,0.3684210526315789,0.631578947368421,0.8947368421052632,2.0,54.333333333333336,36.166666666666664,38.42857142857143,18976.548476454293,0.8440831944040714,-1.3141114804221934,0.0,2.260233853174674
cheat,p47.pgn,white,0,36.958333333333336,24.0,2113.1232638888887,196.0,66.4,0.25,0.20833333333333334,0.4166666666666667,0.5416666666666666,2.0,16.75,22.375,71.75,47472.734375,0.16183175622978174,-1.183679350597253,3.0,2.217434873403047
cheat,p47.pgn,black,1,3.125,0.0,33.276041666666664,24.0,8.7,0.6666666666666666,0.6666666666666666,0.8333333333333334,0.9166666666666666,6.0,7.125,0.375,1.875,51317.15972222222,0.32675674171425184,1.2176542553548844,1.0,2.0075210235668908
cheat,p48.pgn,white,0,88.0,61.0,8698.363636363636,292.0,249.0,0.09090909090909091,0.09090909090909091,0.45454545454545453,0.5454545454545454,1.0,15.666666666666666,93.33333333333333,128.2,73825.78512396694,-0.4689174329726913,-1.0028356790612725,1.0,1.4681399390162087
cheat,p48.pgn,black,1,17.818181818181817,0.0,2240.148760330578,166.0,23.0,0.7272727272727273,0.7272727272727273,0.8181818181818182,0.9090909090909091,6.0,10.0,55.333333333333336,0.0,72362.04958677686,-0.6727470106407063,0.9387993461718805,1.0,1.641734712187521
cheat,p49.pgn,white,1,7.0344827586206895,0.0,228.65398335315095,59.0,24.399999999999984,0.7241379310344828,0.7241379310344828,0.896551724137931,0.9310344827586207,7.0,9.88888888888889,2.2222222222222223,8.636363636363637,6113366.846611178,9.47215328837979,3.3777577056264847,0.0,0.8167383369271315
cheat,p49.pgn,black,0,365.7142857142857,27.5,3015427.5612244895,9387.0,99.6,0.32142857142857145,0.32142857142857145,0.6428571428571429,0.8214285714285714,5.0,35.55555555555556,22.555555555555557,971.7,6301893.258928572,8.988221292491382,-3.306520939121886,0.0,0.6559757323365477
cheat,p5.pgn,white,0,74.06666666666666,10.0,15162.195555555554,469.0,192.2,0.4,0.4,0.6666666666666666,0.6666666666666666,2.0,132.2,58.2,31.8,121754.69333333331,-0.5627262036108047,0.9232652723253559,1.0,1.7367407460930626
cheat,p5.pgn,black,1,7.666666666666667,0.0,158.35555555555555,49.0,15.999999999999998,0.5333333333333333,0.5333333333333333,0.8666666666666667,0.9333333333333333,5.0,8.6,3.6,10.8,122568.06222222223,-0.5593568763562509,-0.9162636573004936,1.0,1.7140875411870102
cheat,p50.pgn,white,1,8.25,0.0,280.1875,77.0,22.7,0.625,0.625,0.875,0.9583333333333334,7.0,4.75,12.625,7.375,3754125.24826389,18.578472198032813,4.507154499338703,0.0,0.8146445049046294
cheat,p50.pgn,black,0,450.1304347826087,19.0,3661968.6351606813,9423.0,128.20000000000002,0.30434782608695654,0.30434782608695654,0.6956521739130435,0.782608695652174,2.0,46.57142857142857,34.42857142857143,1087.3333333333333,3894184.691871456,17.627016818718687,-4.403119591596975,0.0,0.7393213302245919
cheat,p51.pgn,white,1,16.5,0.0,876.9166666666666,87.0,59.900000000000006,0.75,0.75,0.9166666666666666,0.9166666666666666,5.0,34.25,15.25,0.0,7404136.354166667,7.038912370981825,3.000778248228332,1.0,0.2868359830561603
cheat,p51.pgn,black,0,924.2727272727273,42.0,7566802.743801652,9620.0,257.0,0.36363636363636365,0.36363636363636365,0.5454545454545454,0.7272727272727273,2.0,46.333333333333336,50.333333333333336,1975.4,7971296.049586777,6.065148979204848,-2.8357425549146953,1.0,0.3046360973492381
cheat,p52.pgn,white,0,46.15384615384615,15.5,4756.130177514793,301.0,130.0,0.34615384615384615,0.2692307692307692,0.5,0.6153846153846154,3.0,38.125,55.75,44.9,60447.07692307692,-1.417029076455114,0.5936641864047622,2.0,2.4915054149659808
cheat,p52.pgn,black,1,12.038461538461538,0.0,306.4985207100591,52.0,44.0,0.5384615384615384,0.46153846153846156,0.7692307692307693,0.8076923076923077,4.0,8.875,7.5,18.2,63124.307692307695,-1.4363958396697092,-0.5604471851229369,1.0,2.524699500248879
cheat,p53.pgn,white,0,55.4,20.0,7799.280000000002,331.0,170.20000000000013,0.4,0.4,0.52,0.68,4.0,123.375,27.375,19.88888888888889,8717012.48,3.3050592978491196,-2.271310593781793,1.0,1.3324314110748812
cheat,p53.pgn,black,1,10.08,0.0,938.5536,156.0,18.6,0.68,0.56,0.8,0.88,10.0,3.0,5.875,20.11111111111111,13245543.12,0.21281546811057916,1.4687130568477067,1.0,1.371522403814367
cheat,p54.pgn,white,1,442.6190476190476,0.0,3608745.569160998,8937.0,81.0,0.6666666666666666,0.6666666666666666,0.9047619047619048,0.9523809523809523,7.0,16.428571428571427,10.857142857142858,1300.5714285714287,8195853.800453516,5.4019989719498245,2.6965130216518025,1.0,1.0074831248524532
cheat,p54.pgn,black,0,79.3,29.0,19386.31,587.0,236.80000000000007,0.3,0.3,0.5,0.65,3.0,31.0,49.5,137.875,8513327.2275,4.878274047326791,-2.594555614176127,1.0,1.0331140875166716
cheat,p55.pgn,white,1,8.4,0.0,408.64000000000016,68.0,33.19999999999999,0.8,0.7333333333333333,0.9333333333333333,0.9333333333333333,7.0,15.2,0.0,10.0,57161.71555555556,-1.3030812045432396,0.1452451325371019,1.0,2.2110688711446103
cheat,p55.pgn,black,0,54.857142857142854,41.5,2906.979591836734,164.0,126.4,0.2857142857142857,0.2857142857142857,0.5,0.5714285714285714,1.0,24.5,68.5,66.0,53233.780612244904,-1.2316717712230125,-0.12981659637742618,1.0,2.106577333232116
cheat,p56.pgn,white,1,28.4,2.0,5144.880000000001,363.0,58.40000000000002,0.48,0.44,0.76,0.88,3.0,56.625,19.0,11.666666666666666,10902053.305600002,3.4356821407356186,2.3259803004935202,1.0,0.7174352514213598
cheat,p56.pgn,black,0,433.125,0.0,3722746.7760416665,9681.0,118.89999999999996,0.625,0.625,0.7916666666666666,0.9166666666666666,6.0,20.75,4.375,1274.25,11274230.909722222,3.11898033000465,-2.258422818172793,3.0,0.6519508373776712
cheat,p57.pgn,white,0,423.8333333333333,6.0,3537633.972222222,9442.0,106.69999999999997,0.3333333333333333,0.3333333333333333,0.6666666666666666,0.6666666666666666,2.0,13.0,42.625,1215.875,3905289.49826389,18.555117160260252,-4.5041280094293095,1.0,0.723254511001112
cheat,p57.pgn,black,1,7.173913043478261,3.0,162.14366729678636,58.0,12.8,0.43478260869565216,0.43478260869565216,0.782608695652174,0.9565217391304348,3.0,10.571428571428571,3.4285714285714284,7.444444444444445,49511.79584120982,-1.0485895092503612,0.5527955785886403,1.0,2.3182008951665916
cheat,p58.pgn,white,0,38.642857142857146,11.0,3314.8724489795927,240.0,111.10000000000001,0.35714285714285715,0.35714285714285715,0.8214285714285714,0.8571428571428571,3.0,46.333333333333336,36.55555555555556,33.6,11173436.973214285,2.0456579847620535,-1.9857378779932253,1.0,1.5519018493652714
cheat,p58.pgn,black,1,12.107142857142858,0.0,933.7385204081633,144.0,40.10000000000001,0.75,0.75,0.9285714285714286,0.9285714285714286,10.0,9.555555555555555,6.333333333333333,19.6,13416507.095663266,0.757362244153712,1.6413348571068684,1.0,1.4726041157317682
cheat,p59.pgn,white,0,51.95454545454545,30.5,3495.5888429752067,243.0,123.10000000000004,0.22727272727272727,0.22727272727272727,0.45454545454545453,0.45454545454545453,1.0,25.142857142857142,72.42857142857143,57.5,94439.60537190082,-1.619863906844324,-0.008360901941758158,1.0,2.452570013295922
cheat,p59.pgn,black,1,11.380952380952381,0.0,622.4263038548753,98.0,22.0,0.5714285714285714,0.5714285714285714,0.9047619047619048,0.9047619047619048,8.0,14.285714285714286,1.8571428571428572,18.0,92433.2970521542,-1.6453799883115239,0.020329320893429047,1.0,2.3345491092125656
cheat,p6.pgn,white,1,7.6875,0.0,182.58984375,50.0,23.0,0.5625,0.5625,0.875,0.9375,4.0,15.4,3.8,4.5,5728099.87109375,11.001128056516988,3.6003283271308635,0.0,0.2337916587064593
cheat,p6.pgn,black,0,673.8666666666667,22.0,5602812.115555556,9528.0,172.2,0.2,0.2,0.5333333333333333,0.7333333333333333,2.0,22.8,24.4,1974.4,6060278.106666667,10.007337723270078,-3.4595882674826286,0.0,0.24493002679463532
cheat,p60.pgn,white,1,37.57142857142857,0.0,5701.95918367347,272.0,118.90000000000009,0.6428571428571429,0.6428571428571429,0.7857142857142857,0.8571428571428571,4.0,16.25,11.75,69.0,11730148.82142857,2.139114900723527,2.0287814057483993,1.0,0.41011631828840933
cheat,p60.pgn,black,0,802.3076923076923,108.0,6145223.597633136,9385.0,264.2000000000001,0.23076923076923078,0.23076923076923078,0.38461538461538464,0.38461538461538464,1.0,49.5,78.5,1983.6,12373688.792899407,1.6591417215015873,-1.9074935043699315,1.0,0.42932302193061633
cheat,p61.pgn,white,1,9.5,0.0,294.25,71.0,21.100000000000005,0.5555555555555556,0.5555555555555556,0.7777777777777778,0.9444444444444444,3.0,17.5,4.666666666666667,6.333333333333333,36363.97839506172,0.7799925789970477,1.028599141509333,1.0,2.139085894695714
cheat,p61.pgn,black,0,46.11764705882353,18.0,2990.3391003460206,196.0,110.8,0.17647058823529413,0.17647058823529413,0.5294117647058824,0.5882352941176471,1.0,28.6,35.8,66.0,33441.26643598616,1.1195050569586584,-1.1564219788183097,1.0,2.0177460728092216
cheat,p62.pgn,white,1,3.4545454545454546,0.0,95.33884297520663,44.0,7.800000000000004,0.8181818181818182,0.8181818181818182,0.9545454545454546,0.9545454545454546,7.0,6.285714285714286,2.0,2.25,4140702.338842975,16.32711307542132,4.234660147455344,1.0,0.8192299997020128
cheat,p62.pgn,black,0,469.5238095238095,0.0,3775052.058956917,9155.0,160.0,0.5238095238095238,0.5238095238095238,0.7619047619047619,0.8571428571428571,3.0,15.428571428571429,52.0,1341.142857142857,4323091.8231292525,15.369448999405638,-4.12274765500255,0.0,0.7732196077242816
cheat,p63.pgn,white,0,93.10526315789474,42.0,17226.620498614957,488.0,264.7999999999999,0.15789473684210525,0.10526315789473684,0.47368421052631576,0.5789473684210527,1.0,25.333333333333332,114.33333333333333,133.0,4690947.113573408,13.20023940880207,-3.8360716266704173,5.0,1.0280940565630379
cheat,p63.pgn,black,1,35.421052631578945,16.0,4022.559556786704,284.0,62.39999999999998,0.3684210526315789,0.3157894736842105,0.5789473684210527,0.7368421052631579,2.0,22.666666666666668,17.666666666666668,61.57142857142857,4710978.620498615,13.331793124682129,3.861602045986948,1.0,0.8392695557891107
cheat,p64.pgn,white,0,520.55,20.0,3907413.1475,9126.0,231.00000000000028,0.35,0.3,0.5,0.65,2.0,116.0,20.666666666666668,1198.875,8211296.6275,5.001372283833632,-2.630421844250629,1.0,1.0331140875166724
cheat,p64.pgn,black,1,26.3,1.0,2010.8100000000006,147.0,94.20000000000006,0.5,0.35,0.55,0.6,4.0,12.333333333333334,51.5,17.875,8244656.2875,5.005104126911576,2.631515026929818,1.0,0.8018185525433372
cheat,p65.pgn,white,0,556.3157894736842,92.0,4078968.6371191144,9119.0,216.19999999999996,0.2631578947368421,0.2631578947368421,0.5263157894736842,0.6842105263157895,1.0,62.166666666666664,104.5,1367.142857142857,8678564.548476454,4.456873555958373,-2.5174585049698948,1.0,0.9426749615639389
cheat,p65.pgn,black,1,31.105263157894736,0.0,2714.936288088643,205.0,80.99999999999997,0.5263157894736842,0.5263157894736842,0.8421052631578947,0.9473684210526315,4.0,16.0,52.833333333333336,25.428571428571427,8694845.82271468,4.449321819978712,2.515136872676221,1.0,0.9426749615639383
cheat,p66.pgn,white,1,25.181818181818183,1.0,1173.96694214876,105.0,73.0,0.45454545454545453,0.45454545454545453,0.8181818181818182,0.8181818181818182,2.0,24.333333333333332,10.0,34.8,98394.9917355372,-1.5240041413299679,-0.2628342351991635,1.0,1.4681399390162084
cheat,p66.pgn,black,0,91.5,27.0,19552.45,466.0,223.89999999999992,0.3,0.3,0.6,0.7,2.0,3.0,218.33333333333334,62.75,91742.56000000001,-1.272739833257454,0.6502613721155843,1.0,1.418483661945657
cheat,p67.pgn,white,0,51.84615384615385,26.0,4185.668639053255,208.0,146.0,0.34615384615384615,0.34615384615384615,0.5769230769230769,0.6538461538461539,5.0,97.375,48.375,18.2,11697848.082840236,1.6167072920959624,-1.8850272115298967,1.0,1.3468609034345183
cheat,p67.pgn,black,1,5.230769230769231,0.0,146.5621301775148,58.0,16.5,0.7307692307692307,0.6538461538461539,0.8846153846153846,0.9230769230769231,5.0,11.25,5.125,0.5,16041399.344674556,-0.38368724103529006,1.2594810457216679,1.0,1.3610455999855924
cheat,p68.pgn,white,1,17.28,3.0,741.3216,106.0,44.400000000000034,0.44,0.44,0.8,0.96,4.0,20.5,8.875,21.88888888888889,3632632.598399999,19.092427184367043,4.536270526478375,0.0,0.9500028724426168
cheat,p68.pgn,black,0,72.04166666666667,42.0,7595.206597222222,375.0,135.89999999999998,0.125,0.125,0.5,0.6666666666666666,1.0,32.0,74.125,110.0,107004.37326388888,-0.08437834437268732,-0.6987071569472247,0.0,2.463104643797811
cheat,p69.pgn,white,1,11.875,0.0,630.1927083333334,98.0,38.7,0.625,0.625,0.9166666666666666,1.0,5.0,6.375,17.0,12.25,10200091.333333334,3.0460398408077625,2.229729919729259,0.0,0.9582325450794877
cheat,p69.pgn,black,0,445.8695652173913,32.0,3460338.026465027,9165.0,184.80000000000007,0.34782608695652173,0.30434782608695654,0.6521739130434783,0.7391304347826086,2.0,25.285714285714285,92.14285714285714,1048.111111111111,10512794.1436673,2.727518904443568,-2.158002467555228,0.0,0.9724399117161489
cheat,p7.pgn,white,1,18.57894736842105,10.0,664.5595567867036,99.0,49.4,0.47368421052631576,0.47368421052631576,0.7368421052631579,0.9473684210526315,3.0,4.5,15.333333333333334,33.42857142857143,4636500.110803325,13.181257466606546,3.8310526151285127,0.0,0.8569977547780646
cheat,p7.pgn,black,0,565.7777777777778,37.0,4264621.50617284,9069.0,259.7000000000002,0.3333333333333333,0.3333333333333333,0.6111111111111112,0.7222222222222222,2.0,21.333333333333332,127.83333333333333,1548.1666666666667,4841120.348765432,12.248397239221955,-3.7111833411922324,0.0,0.8544149816001843
cheat,p70.pgn,white,0,351.9310344827586,37.0,2710455.0986920334,9060.0,107.79999999999994,0.3103448275862069,0.3103448275862069,0.5517241379310345,0.6896551724137931,2.0,23.77777777777778,74.88888888888889,847.0909090909091,6033531.959571938,9.126112420134476,-3.294526692422628,3.0,1.2479138460071024
cheat,p70.pgn,black,1,2.206896551724138,0.0,16.715814506539832,15.0,8.599999999999998,0.6896551724137931,0.5862068965517241,0.8275862068965517,0.8620689655172413,4.0,1.8888888888888888,1.7777777777777777,2.8181818181818183,6031122.378121284,9.100126835805655,3.288380686237888,3.0,1.2253397900924436
cheat,p71.pgn,white,1,14.571428571428571,0.0,646.1496598639455,106.0,33.0,0.5238095238095238,0.5238095238095238,0.8095238095238095,0.9523809523809523,4.0,4.0,10.714285714285714,29.0,82842.63038548754,-1.2212294840488915,-0.03493054473378074,0.0,2.4254797046832532
cheat,p71.pgn,black,0,57.57142857142857,43.0,2628.244897959183,152.0,142.0,0.19047619047619047,0.19047619047619047,0.5238095238095238,0.7142857142857143,2.0,39.0,78.57142857142857,55.142857142857146,88617.93197278911,-0.8251864549538559,-0.13553817686134478,0.0,2.491493721879439
cheat,p72.pgn,white,1,10.722222222222221,3.5,353.645061728395,79.0,24.800000000000004,0.4444444444444444,0.4444444444444444,0.7777777777777778,0.9444444444444444,2.0,10.166666666666666,8.166666666666666,13.833333333333334,94310.86728395062,-1.5336589921130646,0.3282004612616835,0.0,1.7485471551746843
cheat,p72.pgn,black,0,60.1764705882353,50.0,4533.910034602077,221.0,154.20000000000005,0.17647058823529413,0.17647058823529413,0.5294117647058824,0.5882352941176471,1.0,5.4,107.0,65.85714285714286,87747.85467128026,-1.4785375163075873,-0.28337225132337823,0.0,2.00288304109065
cheat,p73.pgn,white,0,71.58333333333333,32.5,13610.74305555556,440.0,95.0,0.3333333333333333,0.3333333333333333,0.5833333333333334,0.5833333333333334,3.0,23.75,153.75,37.25,100942.63888888889,-1.7298897633524766,-0.2377813382900035,1.0,1.8200759753606213
cheat,p73.pgn,black,1,5.666666666666667,0.0,89.05555555555554,27.0,22.600000000000005,0.6666666666666666,0.6666666666666666,1.0,1.0,4.0,1.75,9.25,6.0,107902.90972222223,-1.7617408063947715,0.21174965512628616,1.0,1.6326309271543518
cheat,p74.pgn,white,1,4.875,0.0,121.859375,43.0,14.0,0.625,0.625,0.9375,0.9375,7.0,6.6,9.0,0.0,5721482.15234375,10.912041560470346,3.5809476851465365,0.0,0.2337916587064593
cheat,p74.pgn,black,0,671.6666666666666,0.0,5598464.622222223,9516.0,278.59999999999985,0.6,0.6,0.7333333333333333,0.8,3.0,21.2,4.8,1989.0,6075867.795555555,9.950715896176586,-3.446698288154697,0.0,0.24493002679463532
cheat,p75.pgn,white,0,454.7391304347826,47.0,3481091.3232514183,9201.0,177.0,0.17391304347826086,0.17391304347826086,0.34782608695652173,0.5217391304347826,3.0,55.285714285714285,45.714285714285715,1083.5555555555557,7319928.166351609,6.488128286488038,-2.901041848588383,1.0,0.9272771162838269
cheat,p75.pgn,black,1,27.869565217391305,0.0,3950.5482041587916,225.0,85.80000000000003,0.6521739130434783,0.6521739130434783,0.782608695652174,0.9130434782608695,5.0,3.142857142857143,65.85714285714286,17.555555555555557,7345727.383742911,6.4941197218989295,2.902792052309507,1.0,0.9189639831203728
cheat,p76.pgn,white,1,6.428571428571429,0.0,422.9591836734694,80.0,7.000000000000011,0.8571428571428571,0.8571428571428571,0.9285714285714286,0.9285714285714286,8.0,2.5,0.0,13.333333333333334,6342872.346938775,8.903895142746487,3.285801683894012,0.0,0.2573186405438318
cheat,p76.pgn,black,0,782.6153846153846,12.0,6325935.621301775,9490.0,275.6000000000001,0.3076923076923077,0.3076923076923077,0.6153846153846154,0.7692307692307693,1.0,6.5,86.0,1960.8,6755377.751479291,7.921022376584187,-3.133373319022527,0.0,0.2711893730418442
cheat,p77.pgn,white,0,65.05882352941177,6.0,15149.349480968858,511.0,134.80000000000004,0.4117647058823529,0.4117647058823529,0.7058823529411765,0.7647058823529411,2.0,1.6,41.8,127.0,109847.82698961938,-1.8067379615193697,-0.31162844513824123,1.0,1.6300005591616535
cheat,p77.pgn,black,1,20.11764705882353,0.0,2685.0449826989616,219.0,43.2,0.7058823529411765,0.7058823529411765,0.8823529411764706,0.8823529411764706,11.0,2.0,0.0,47.42857142857143,103882.81660899654,-1.7360151607600698,0.3624434282683161,3.0,1.8438614379613667
cheat,p78.pgn,white,0,406.48,25.0,3230996.3296,9210.0,112.80000000000001,0.4,0.4,0.68,0.76,4.0,37.5,58.875,1043.4444444444443,9866876.902400002,3.402982523633942,-2.313242981164784,1.0,0.9768945101654619
cheat,p78.pgn,black,1,10.32,0.0,365.41759999999994,60.0,43.20000000000003,0.68,0.68,0.92,0.96,6.0,16.875,7.5,7.0,9862560.438400002,3.4005797115837018,2.312284643503512,1.0,1.110934392999126
cheat,p79.pgn,white,1,5.473684210526316,0.0,152.2493074792244,50.0,18.999999999999996,0.7368421052631579,0.6842105263157895,0.9473684210526315,1.0,5.0,4.666666666666667,12.166666666666666,0.42857142857142855,16267431.601108033,0.0100880638709695,1.4149969445329058,2.0,0.708018976056273
cheat,p79.pgn,black,0,50.55555555555556,0.0,16782.135802469136,565.0,99.9,0.6111111111111112,0.5555555555555556,0.9444444444444444,0.9444444444444444,4.0,2.0,29.5,120.16666666666667,13480781.0,1.1718777365466382,-1.773997204631199,2.0,0.7777899315559327
cheat,p8.pgn,white,0,840.4166666666666,64.0,5856318.243055555,8853.0,480.0000000000001,0.16666666666666666,0.16666666666666666,0.6666666666666666,0.6666666666666666,1.0,11.75,239.75,2269.75,12791966.972222222,1.107353634087426,-1.7373090404373235,1.0,0.9596147939120487
cheat,p8.pgn,black,1,8.583333333333334,0.0,355.2430555555556,65.0,27.000000000000007,0.75,0.75,0.9166666666666666,0.9166666666666666,5.0,2.25,16.25,7.25,17453581.805555556,-0.6840715904155767,1.1327099174259838,1.0,0.9596147939120494
cheat,p80.pgn,white,1,24.441176470588236,0.0,2374.4818339100348,223.0,68.1,0.5588235294117647,0.5294117647058824,0.7352941176470589,0.8529411764705882,7.0,36.0,30.272727272727273,8.5,2914557.408304499,26.22206099902858,5.183746005746833,4.0,1.4679603440494984
cheat,p80.pgn,black,0,324.1212121212121,17.0,2360005.015610652,9005.0,193.8,0.3939393939393939,0.3939393939393939,0.7272727272727273,0.7575757575757576,3.0,6.636363636363637,69.54545454545455,896.1818181818181,2979606.1285583107,25.524299213080095,-5.129339353097196,2.0,1.2504386255369602
cheat,p81.pgn,white,1,35.208333333333336,0.0,7596.414930555555,404.0,85.19999999999999,0.5416666666666666,0.5416666666666666,0.75,0.9166666666666666,6.0,10.0,45.125,50.5,7412754.826388891,7.000090945058501,2.990365681826301,4.0,0.7214636866925119
cheat,p81.pgn,black,0,458.2608695652174,17.0,3704434.1058601127,9476.0,153.00000000000003,0.2608695652173913,0.2608695652173913,0.7391304347826086,0.8695652173913043,2.0,20.142857142857142,54.714285714285715,1112.888888888889,7625196.200378071,6.509009044714485,-2.9073022550101575,0.0,0.6698932216137061
cheat,p82.pgn,white,1,9.9375,0.0,481.05859375,104.0,30.10000000000002,0.625,0.625,0.90625,1.0,8.0,20.2,5.6,5.0,12539214.772460938,1.5503155308070626,1.8761448554636808,2.0,1.2290122276161717
cheat,p82.pgn,black,0,323.0967741935484,1.0,2538695.8293444333,9045.0,113.0,0.4838709677419355,0.45161290322580644,0.7419354838709677,0.9032258064516129,3.0,29.1,20.8,865.1818181818181,14876200.938605616,0.39221607703483263,-1.5415637079053068,2.0,1.1720632762363747
cheat,p83.pgn,white,0,57.6,30.0,6329.1399999999985,318.0,155.20000000000005,0.3,0.3,0.65,0.75,2.0,8.333333333333334,105.0,59.0,101601.62750000002,-1.474974027873646,0.13285847816912408,3.0,1.8479008005090658
cheat,p83.pgn,black,1,10.15,0.0,264.1275,46.0,42.400000000000006,0.55,0.55,0.85,1.0,4.0,9.333333333333334,8.166666666666666,12.25,97976.09,-1.492358867732005,-0.15056734276794498,1.0,2.0854684353173742
cheat,p84.pgn,white,0,513.8,42.5,4041877.860000001,9273.0,136.5000000000002,0.25,0.25,0.35,0.5,2.0,40.333333333333336,14.166666666666666,1243.625,4639569.9875,14.702663253534453,-4.063006016721377,5.0,0.3943976914474423
cheat,p84.pgn,black,1,481.4,4.0,4015599.5400000005,9215.0,100.10000000000002,0.45,0.4,0.75,0.85,5.0,29.666666666666668,6.166666666666667,1176.625,65975.14749999999,-0.5110152536768298,0.9174993143752325,3.0,1.703559934340487
cheat,p85.pgn,white,0,44.80769230769231,7.5,4808.924556213017,252.0,150.5,0.38461538461538464,0.38461538461538464,0.7692307692307693,0.8846153846153846,2.0,11.25,45.125,71.4,71199.00591715977,0.10920189279271453,-1.244741061588115,3.0,2.3778116152577686
cheat,p85.pgn,black,1,13.44,0.0,931.1264,146.0,38.000000000000014,0.56,0.56,0.88,0.96,3.0,11.625,24.875,4.888888888888889,63053.84,0.8294236209920136,1.3950181462313394,1.0,2.129686179052602
cheat,p86.pgn,white,1,19.448275862068964,4.0,1081.8335315101072,144.0,56.79999999999999,0.4482758620689655,0.4482758620689655,0.8275862068965517,0.8620689655172413,3.0,11.555555555555555,31.22222222222222,16.272727272727273,32477.28656361474,-1.06142160409147,-0.07291789402850164,2.0,2.7097674512937955
cheat,p86.pgn,black,0,39.285714285714285,14.5,4106.346938775511,313.0,95.40000000000002,0.2857142857142857,0.2857142857142857,0.6071428571428571,0.7857142857142857,3.0,16.333333333333332,36.77777777777778,62.2,31920.275510204086,-0.9678402154539385,0.10118728335428741,2.0,2.6511929751006442
cheat,p87.pgn,white,0,36.85,25.0,1529.7275,157.0,81.70000000000002,0.1,0.1,0.5,0.7,2.0,8.0,50.833333333333336,48.0,35373.2475,-1.1330805593340871,-0.5320801733032353,5.0,2.220636797977266
cheat,p87.pgn,black,1,11.0,0.0,237.6,53.0,25.20000000000003,0.55,0.5,0.85,0.9,6.0,9.833333333333334,16.166666666666668,8.0,39659.19,-1.063652105526575,0.621569212288784,1.0,2.106719567216648
cheat,p88.pgn,white,0,48.86363636363637,14.5,7382.299586776859,358.0,92.20000000000006,0.3181818181818182,0.3181818181818182,0.7727272727272727,0.8636363636363636,2.0,11.428571428571429,76.14285714285714,57.75,41780.239669421484,-1.364008045335845,0.030273187023180465,3.0,2.035260359474345
cheat,p88.pgn,black,1,22.5,0.5,1634.25,166.0,49.500000000000014,0.5,0.5,0.8636363636363636,1.0,4.0,13.571428571428571,42.714285714285715,12.625,41225.81198347107,-0.6542496096353196,0.31268851006517284,1.0,1.7910409801239
cheat,p89.pgn,white,1,26.27777777777778,8.5,2961.700617283951,289.0,61.5,0.3611111111111111,0.3611111111111111,0.7777777777777778,0.8611111111111112,5.0,27.916666666666668,32.916666666666664,18.0,2601779.515432099,29.95625684529837,5.603529272265646,2.0,0.8662463336966946
cheat,p89.pgn,black,0,308.9428571428571,12.0,2434937.8824489787,9399.0,146.0,0.4,0.4,0.5714285714285714,0.7714285714285715,3.0,27.454545454545453,37.36363636363637,776.9230769230769,2661729.673469388,28.80654631714988,-5.493902326153291,0.0,0.8612018151205775
cheat,p9.pgn,white,1,4.708333333333333,0.0,124.78993055555554,48.0,8.7,0.7083333333333334,0.6666666666666666,1.0,1.0,7.0,5.125,7.875,1.125,9685051.456597226,3.056596646829364,2.233101156156662,0.0,1.2980774064527951
cheat,p9.pgn,black,0,48.43478260869565,13.0,4127.7240075614345,229.0,137.2,0.30434782608695654,0.30434782608695654,0.5652173913043478,0.6521739130434783,2.0,75.14285714285714,38.714285714285715,35.22222222222222,6985814.665406426,6.410871810701039,-2.8785016247810975,0.0,1.207515325037699
cheat,p90.pgn,white,1,16.806451612903224,0.0,1074.9947970863682,155.0,58.0,0.6129032258064516,0.6129032258064516,0.8387096774193549,0.9032258064516129,10.0,38.2,2.0,10.818181818181818,19247.017689906344,-0.5543065000760956,-0.2647272230775513,2.0,2.7381699432019655
cheat,p90.pgn,black,0,22.1,0.0,1691.1566666666672,195.0,69.2,0.5666666666666667,0.5333333333333333,0.8666666666666667,0.9333333333333333,5.0,39.8,10.8,15.7,16494.95666666667,-0.22876625745004997,0.24336606373247732,2.0,2.8004698251768696
cheat,p91.pgn,white,1,9.863636363636363,0.0,394.4814049586776,83.0,29.700000000000006,0.6818181818181818,0.6363636363636364,0.9090909090909091,0.9545454545454546,6.0,21.142857142857142,0.2857142857142857,8.375,8044034.537190081,6.04787178900968,2.8308081660545845,0.0,0.4851045003909408
cheat,p91.pgn,black,0,35.23809523809524,5.0,2981.705215419501,180.0,117.0,0.38095238095238093,0.38095238095238093,0.6666666666666666,0.8571428571428571,3.0,20.857142857142858,34.142857142857146,50.714285714285715,4405244.585034015,15.811585949803838,-4.204510581512323,0.0,0.5010469137590965
cheat,p92.pgn,white,0,308.7352941176471,7.5,2523366.7240484427,9430.0,131.89999999999998,0.47058823529411764,0.47058823529411764,0.6470588235294118,0.7941176470588235,3.0,20.454545454545453,37.09090909090909,822.0,5300537.183391004,11.769239849388283,-3.68702820474254,3.0,1.053395498360576
cheat,p92.pgn,black,1,8.176470588235293,0.0,407.1453287197232,93.0,23.599999999999994,0.7058823529411765,0.6764705882352942,0.8823529411764706,0.9411764705882353,11.0,4.545454545454546,2.3636363636363638,16.833333333333332,90323.71366782008,0.21962023396220154,0.7317408347092241,3.0,2.4913103439348143
cheat,p93.pgn,white,1,16.571428571428573,0.0,976.1496598639454,113.0,64.0,0.5714285714285714,0.5714285714285714,0.9523809523809523,1.0,5.0,18.714285714285715,18.142857142857142,12.857142857142858,8205713.678004538,5.4871097971364176,2.7219887120749875,2.0,0.7801307795266326
cheat,p93.pgn,black,0,510.65,39.5,3961158.6275,9182.0,178.3,0.35,0.3,0.85,0.9,2.0,40.833333333333336,35.166666666666664,1219.625,8532359.809999999,5.000110756865679,-2.6316861567332213,0.0,0.8018185525433379
cheat,p94.pgn,white,0,31.4375,5.5,2087.24609375,169.0,96.40000000000003,0.5,0.4375,0.65625,0.71875,4.0,13.2,55.0,27.0,66032.6240234375,-1.6394789099689662,0.2166909876109305,1.0,2.6965640144695007
cheat,p94.pgn,black,1,19.40625,0.0,1921.4912109375,209.0,33.900000000000006,0.53125,0.53125,0.84375,0.90625,6.0,30.5,6.3,21.083333333333332,70807.671875,-1.6251666572960437,-0.25309851531307087,1.0,2.5480842427143076
cheat,p95.pgn,white,0,52.06896551724138,33.0,3288.9607609988107,217.0,130.99999999999997,0.1724137931034483,0.1724137931034483,0.5517241379310345,0.6551724137931034,1.0,19.555555555555557,62.888888888888886,69.81818181818181,63884.30439952437,-1.153734985257309,-0.39940984573579086,1.0,2.4015178024571413
cheat,p95.pgn,black,1,14.862068965517242,2.0,714.9464922711057,121.0,43.59999999999999,0.4482758620689655,0.4482758620689655,0.8275862068965517,0.896551724137931,3.0,9.444444444444445,19.88888888888889,15.181818181818182,60265.71700356719,-1.2087715732900897,0.3757300669121775,3.0,2.4644253176464446
cheat,p96.pgn,white,0,36.6,15.0,1910.3400000000001,142.0,102.30000000000001,0.35,0.35,0.6,0.7,2.0,16.5,29.666666666666668,56.875,29395.060000000005,-0.9954247304965187,-0.650699462779059,1.0,2.1944743907890385
cheat,p96.pgn,black,1,11.85,0.0,461.02750000000003,84.0,35.30000000000002,0.6,0.6,0.8,0.9,10.0,11.333333333333334,7.833333333333333,15.25,26802.890000000003,-1.317066009675276,0.538030251892415,1.0,2.2502602786175907
cheat,p97.pgn,white,0,239.6304347826087,8.5,1968488.232986768,9646.0,124.5,0.43478260869565216,0.391304347826087,0.5869565217391305,0.7391304347826086,8.0,14.733333333333333,15.2,660.875,2159079.948960302,39.8740166475421,-6.425983828851942,3.0,0.7557198734125514
cheat,p97.pgn,black,1,20.456521739130434,1.5,781.0741965973534,105.0,54.5,0.5,0.5,0.8478260869565217,0.9565217391304348,6.0,14.733333333333333,18.866666666666667,27.3125,2159728.117674858,40.03293803462471,6.444259763944781,1.0,0.5942565490880964
cheat,p98.pgn,white,0,51.515151515151516,27.0,5321.76492194674,323.0,133.8,0.36363636363636365,0.36363636363636365,0.6060606060606061,0.7272727272727273,2.0,30.727272727272727,56.36363636363637,67.45454545454545,58137.20844811754,0.3580756233021112,-0.9475253406457869,4.0,2.4550264294023805
cheat,p98.pgn,black,1,23.151515151515152,0.0,2059.7649219467403,206.0,58.60000000000001,0.5454545454545454,0.5454545454545454,0.7878787878787878,0.8484848484848485,8.0,12.454545454545455,15.727272727272727,41.27272727272727,50355.4012855831,-1.1568870464254548,0.4971563255577879,3.0,2.732690287546064
cheat,p99.pgn,white,1,12.272727272727273,4.0,384.8044077134986,72.0,27.600000000000005,0.45454545454545453,0.45454545454545453,0.7878787878787878,0.8484848484848485,6.0,15.272727272727273,5.636363636363637,15.909090909090908,33145.59779614324,-1.0252436962735925,0.8137825695894285,2.0,2.550896223327817
cheat,p99.pgn,black,0,24.28125,8.0,1163.3271484375,124.0,64.80000000000001,0.34375,0.3125,0.71875,0.84375,2.0,10.5,23.2,36.666666666666664,31647.7568359375,-1.0117924453426923,-0.847559836931171,0.0,2.4605344689962783
cheat,partida.pgn,white,0,63.18181818181818,37.5,6451.966942148761,307.0,152.50000000000006,0.2727272727272727,0.2727272727272727,0.5,0.5909090909090909,2.0,49.57142857142857,40.142857142857146,95.25,4074099.1735537183,16.327894304102042,-4.234843726813404,0.0,0.9229806610864091
cheat,partida.pgn,black,1,10.181818181818182,0.0,458.4214876033056,96.0,29.200000000000017,0.6818181818181818,0.6818181818181818,0.9545454545454546,0.9545454545454546,6.0,4.285714285714286,8.142857142857142,17.125,7737702.126033058,5.976227420640965,2.809333422926477,0.0,0.9164648855394713
